Workbook

Sheet Daily KPI Entry
A1: STL FU — WEAVING | DAILY KPI DATA ENTRY
A3: ENTRY RULE: one row = one operator + one date + one actual shift + one loom. Existing grouped rows are preserved; use one loom per new row.
A4: White cells = user input. Blue cells = automatic. Running-hour target is 8 hours per designated loom per shift.
A5: Record No | B5: Date | C5: Planned Shift | D5: Actual Shift | E5: Shift Status | F5: Shift Change Reason | G5: Operator ID | H5: Operator Name | I5: Supervisor | J5: No. of Looms | K5: Loom No(s) | L5: Avg RPM | M5: Avg PPI | N5: Production Target (yd) | O5: Production Actual (yd) | P5: Production Achievement % | Q5: Running Hr Target / Loom | R5: Total Loom-Hr Target | S5: Running Hr Actual | T5: Running Achievement % | U5: Loom Efficiency % | V5: Rejection Yds | W5: Rejection % | X5: Warp Break | Y5: Weft Break | Z5: Missing Pick | AA5: Stop Mark | AB5: Start Mark | AC5: L. End | AD5: Y. Mix | AE5: Other Fault | AF5: Fault Total | AG5: Faults / 1000 yd | AH5: Housekeeping % | AI5: Attendance / Discipline % | AJ5: SOP / Safety % | AK5: Supervisor Remarks | AL5: Operator Comments | AM5: Verified
A6: 1 | B6: 46288 | C6: A | D6: A | E6: Normal | G6: STL005494 | H6: =IFERROR(INDEX('Operator Master'!$B$5:$B$504,MATCH(G6,'Operator Master'!$A$5:$A$504,0)),"") -> MD. MAHABUB ALAM | J6: 8 | K6: O4,O5,O6,P4,P5,Q4,Q5,Q6 | L6: 531.25 | M6: 42 | N6: 1500 | O6: 1130 | P6: =IF(OR(N6="",O6=""),"",IFERROR(O6/N6*100,0)) -> 75.333333 | Q6: 8 | R6: =IF(J6="","",Q6*J6) -> 64 | S6: 61 | T6: =IF(OR(R6="",S6=""),"",IFERROR(S6/R6*100,0)) -> 95.3125 | U6: =IF(OR(O6="",L6="",M6="",S6="",M6=0),"",IFERROR(O6/(L6*60*S6/(M6*36))*100,0)) -> 87.871938 | V6: 32 | W6: =IF(O6="","",IFERROR(V6/O6*100,0)) -> 2.8318584 | X6: 3 | Y6: 5 | Z6: 3 | AA6: 5 | AB6: 3 | AC6: 0 | AD6: 0 | AF6: =IF(O6="","",SUM(X6:AE6)) -> 19 | AG6: =IF(O6="","",IFERROR(AF6/O6*1000,0)) -> 16.814159 | AH6: 80 | AI6: 100 | AJ6: 90
A7: 2 | B7: 46288 | C7: B | D7: A | E7: Replace | F7: Manpower shortage | G7: STL005476 | H7: =IFERROR(INDEX('Operator Master'!$B$5:$B$504,MATCH(G7,'Operator Master'!$A$5:$A$504,0)),"") -> MD. RIPU MIAH | J7: 9 | K7: G6,G7,H5,H6,H7,I6,I7,J6,J7 | L7: 569.44444 | M7: 43.11 | N7: 1800 | O7: 1127 | P7: =IF(OR(N7="",O7=""),"",IFERROR(O7/N7*100,0)) -> 62.611111 | Q7: 8 | R7: =IF(J7="","",Q7*J7) -> 72 | S7: 68 | T7: =IF(OR(R7="",S7=""),"",IFERROR(S7/R7*100,0)) -> 94.444444 | U7: =IF(OR(O7="",L7="",M7="",S7="",M7=0),"",IFERROR(O7/(L7*60*S7/(M7*36))*100,0)) -> 75.282306 | V7: 17 | W7: =IF(O7="","",IFERROR(V7/O7*100,0)) -> 1.5084295 | X7: 6 | Y7: 4 | Z7: 7 | AA7: 3 | AB7: 6 | AC7: 1 | AD7: 0 | AF7: =IF(O7="","",SUM(X7:AE7)) -> 27 | AG7: =IF(O7="","",IFERROR(AF7/O7*1000,0)) -> 23.957409 | AH7: 90 | AI7: 95 | AJ7: 100
A8: 3 | B8: 46288 | C8: A | D8: A | E8: Normal | G8: STL005492 | H8: =IFERROR(INDEX('Operator Master'!$B$5:$B$504,MATCH(G8,'Operator Master'!$A$5:$A$504,0)),"") -> MD. MINHAZ ALI | J8: 10 | K8: K1,K2,K3,K4,K5,L1,L2,L3,L4,L5 | L8: 537.5 | M8: 41.6 | N8: 1900 | O8: 1602 | P8: =IF(OR(N8="",O8=""),"",IFERROR(O8/N8*100,0)) -> 84.315789 | Q8: 8 | R8: =IF(J8="","",Q8*J8) -> 80 | S8: 79 | T8: =IF(OR(R8="",S8=""),"",IFERROR(S8/R8*100,0)) -> 98.75 | U8: =IF(OR(O8="",L8="",M8="",S8="",M8=0),"",IFERROR(O8/(L8*60*S8/(M8*36))*100,0)) -> 94.167607 | V8: 20 | W8: =IF(O8="","",IFERROR(V8/O8*100,0)) -> 1.2484395 | X8: 4 | Y8: 4 | Z8: 1 | AA8: 3 | AB8: 2 | AC8: 0 | AD8: 0 | AF8: =IF(O8="","",SUM(X8:AE8)) -> 14 | AG8: =IF(O8="","",IFERROR(AF8/O8*1000,0)) -> 8.7390762 | AH8: 95 | AI8: 100 | AJ8: 100
A9: 4 | B9: 46288 | C9: A | D9: A | E9: Normal | G9: STL005502 | H9: =IFERROR(INDEX('Operator Master'!$B$5:$B$504,MATCH(G9,'Operator Master'!$A$5:$A$504,0)),"") -> MD. FORIDUL ISLAM | J9: 9 | K9: G1,G2,G3,G4,G5,H1,H2,H3,H4 | L9: 519.44444 | M9: 44.78 | N9: 1500 | O9: 781 | P9: =IF(OR(N9="",O9=""),"",IFERROR(O9/N9*100,0)) -> 52.066667 | Q9: 8 | R9: =IF(J9="","",Q9*J9) -> 72 | S9: 60 | T9: =IF(OR(R9="",S9=""),"",IFERROR(S9/R9*100,0)) -> 83.333333 | U9: =IF(OR(O9="",L9="",M9="",S9="",M9=0),"",IFERROR(O9/(L9*60*S9/(M9*36))*100,0)) -> 67.328047 | V9: 16 | W9: =IF(O9="","",IFERROR(V9/O9*100,0)) -> 2.0486556 | X9: 2 | Y9: 5 | Z9: 3 | AA9: 6 | AB9: 2 | AC9: 3 | AD9: 0 | AF9: =IF(O9="","",SUM(X9:AE9)) -> 21 | AG9: =IF(O9="","",IFERROR(AF9/O9*1000,0)) -> 26.888604 | AH9: 90 | AI9: 100 | AJ9: 100
A10: 5 | B10: 46288 | G10: STL005507 | H10: =IFERROR(INDEX('Operator Master'!$B$5:$B$504,MATCH(G10,'Operator Master'!$A$5:$A$504,0)),"") -> MD. SAIFUL ISLAM-2 | J10: 10 | K10: I1,I2,I3,I4,I5,J1,J2,J3,J4,J5 | L10: 582.5 | M10: 43.7 | N10: 1900 | O10: 1170 | P10: =IF(OR(N10="",O10=""),"",IFERROR(O10/N10*100,0)) -> 61.578947 | Q10: 8 | R10: =IF(J10="","",Q10*J10) -> 80 | S10: 78 | T10: =IF(OR(R10="",S10=""),"",IFERROR(S10/R10*100,0)) -> 97.5 | U10: =IF(OR(O10="",L10="",M10="",S10="",M10=0),"",IFERROR(O10/(L10*60*S10/(M10*36))*100,0)) -> 67.519313 | V10: 12 | W10: =IF(O10="","",IFERROR(V10/O10*100,0)) -> 1.025641 | X10: 5 | Y10: 3 | Z10: 4 | AA10: 1 | AB10: 5 | AC10: 1 | AD10: 1 | AF10: =IF(O10="","",SUM(X10:AE10)) -> 20 | AG10: =IF(O10="","",IFERROR(AF10/O10*1000,0)) -> 17.094017 | AH10: 95 | AI10: 100 | AJ10: 95
A11: 6 | B11: 46288 | G11: STL005510 | H11: =IFERROR(INDEX('Operator Master'!$B$5:$B$504,MATCH(G11,'Operator Master'!$A$5:$A$504,0)),"") -> MD. ZIAUL HAQUE | J11: 9 | K11: R3,R4,R5,R6,S4,S5,T4,T5,T6 | L11: 558.33333 | M11: 41.22 | N11: 1800 | O11: 1598 | P11: =IF(OR(N11="",O11=""),"",IFERROR(O11/N11*100,0)) -> 88.777778 | Q11: 8 | R11: =IF(J11="","",Q11*J11) -> 72 | S11: 68 | T11: =IF(OR(R11="",S11=""),"",IFERROR(S11/R11*100,0)) -> 94.444444 | U11: =IF(OR(O11="",L11="",M11="",S11="",M11=0),"",IFERROR(O11/(L11*60*S11/(M11*36))*100,0)) -> 104.09588 | W11: =IF(O11="","",IFERROR(V11/O11*100,0)) -> 0 | AF11: =IF(O11="","",SUM(X11:AE11)) -> 0 | AG11: =IF(O11="","",IFERROR(AF11/O11*1000,0)) -> 0
A12: 7 | B12: 46288 | G12: STL005466 | H12: =IFERROR(INDEX('Operator Master'!$B$5:$B$504,MATCH(G12,'Operator Master'!$A$5:$A$504,0)),"") -> MD. ANOWAR HOSEN-3 | J12: 9 | K12: U2,U4,U5,U6,V2,V3,V4,V5,V6 | L12: 505.55556 | M12: 44.78 | N12: 1600 | O12: 1156 | P12: =IF(OR(N12="",O12=""),"",IFERROR(O12/N12*100,0)) -> 72.25 | Q12: 8 | R12: =IF(J12="","",Q12*J12) -> 72 | T12: =IF(OR(R12="",S12=""),"",IFERROR(S12/R12*100,0)) | U12: =IF(OR(O12="",L12="",M12="",S12="",M12=0),"",IFERROR(O12/(L12*60*S12/(M12*36))*100,0)) | W12: =IF(O12="","",IFERROR(V12/O12*100,0)) -> 0 | AF12: =IF(O12="","",SUM(X12:AE12)) -> 0 | AG12: =IF(O12="","",IFERROR(AF12/O12*1000,0)) -> 0
A13: 8 | B13: 46288 | G13: STL005489 | H13: =IFERROR(INDEX('Operator Master'!$B$5:$B$504,MATCH(G13,'Operator Master'!$A$5:$A$504,0)),"") -> MD. ALAM MIA | J13: 9 | K13: C1,C2,D1,D2,D3,E1,E2,F1,F2 | L13: 555.55556 | N13: 1750 | O13: 1255 | P13: =IF(OR(N13="",O13=""),"",IFERROR(O13/N13*100,0)) -> 71.714286 | Q13: 8 | R13: =IF(J13="","",Q13*J13) -> 72 | T13: =IF(OR(R13="",S13=""),"",IFERROR(S13/R13*100,0)) | U13: =IF(OR(O13="",L13="",M13="",S13="",M13=0),"",IFERROR(O13/(L13*60*S13/(M13*36))*100,0)) | W13: =IF(O13="","",IFERROR(V13/O13*100,0)) -> 0 | AF13: =IF(O13="","",SUM(X13:AE13)) -> 0 | AG13: =IF(O13="","",IFERROR(AF13/O13*1000,0)) -> 0
A14: 9 | B14: 46288 | G14: STL005490 | H14: =IFERROR(INDEX('Operator Master'!$B$5:$B$504,MATCH(G14,'Operator Master'!$A$5:$A$504,0)),"") -> MD. MOMINUL ISLAM | J14: 5 | K14: Q1,Q2,S1,S2,S3 | L14: 545 | M14: 41.8 | N14: 1100 | O14: 876 | P14: =IF(OR(N14="",O14=""),"",IFERROR(O14/N14*100,0)) -> 79.636364 | Q14: 8 | R14: =IF(J14="","",Q14*J14) -> 40 | T14: =IF(OR(R14="",S14=""),"",IFERROR(S14/R14*100,0)) | U14: =IF(OR(O14="",L14="",M14="",S14="",M14=0),"",IFERROR(O14/(L14*60*S14/(M14*36))*100,0)) | W14: =IF(O14="","",IFERROR(V14/O14*100,0)) -> 0 | AF14: =IF(O14="","",SUM(X14:AE14)) -> 0 | AG14: =IF(O14="","",IFERROR(AF14/O14*1000,0)) -> 0
A15: 10 | B15: 46288 | G15: STL005487 | H15: =IFERROR(INDEX('Operator Master'!$B$5:$B$504,MATCH(G15,'Operator Master'!$A$5:$A$504,0)),"") -> MD. JAHIDUL ISLAM HOWLADER | J15: 9 | K15: C3,C4,C5,C6,C7,D4,D5,D6,D7 | L15: 555.55556 | M15: 43.78 | N15: 1700 | O15: 1187 | P15: =IF(OR(N15="",O15=""),"",IFERROR(O15/N15*100,0)) -> 69.823529 | Q15: 8 | R15: =IF(J15="","",Q15*J15) -> 72 | T15: =IF(OR(R15="",S15=""),"",IFERROR(S15/R15*100,0)) | U15: =IF(OR(O15="",L15="",M15="",S15="",M15=0),"",IFERROR(O15/(L15*60*S15/(M15*36))*100,0)) | W15: =IF(O15="","",IFERROR(V15/O15*100,0)) -> 0 | AF15: =IF(O15="","",SUM(X15:AE15)) -> 0 | AG15: =IF(O15="","",IFERROR(AF15/O15*1000,0)) -> 0
A16: 11 | B16: 46288 | G16: STL005511 | H16: =IFERROR(INDEX('Operator Master'!$B$5:$B$504,MATCH(G16,'Operator Master'!$A$5:$A$504,0)),"") -> MD. RIPON MIA-2 | J16: 10 | K16: K6,L6,M3,M4,M5,M6,N3,N4,N5,N6 | L16: 530 | M16: 44.7 | N16: 1800 | O16: 1265 | P16: =IF(OR(N16="",O16=""),"",IFERROR(O16/N16*100,0)) -> 70.277778 | Q16: 8 | R16: =IF(J16="","",Q16*J16) -> 80 | T16: =IF(OR(R16="",S16=""),"",IFERROR(S16/R16*100,0)) | U16: =IF(OR(O16="",L16="",M16="",S16="",M16=0),"",IFERROR(O16/(L16*60*S16/(M16*36))*100,0)) | W16: =IF(O16="","",IFERROR(V16/O16*100,0)) -> 0 | AF16: =IF(O16="","",SUM(X16:AE16)) -> 0 | AG16: =IF(O16="","",IFERROR(AF16/O16*1000,0)) -> 0
A17: 12 | B17: 46288 | G17: STL005516 | H17: =IFERROR(INDEX('Operator Master'!$B$5:$B$504,MATCH(G17,'Operator Master'!$A$5:$A$504,0)),"") -> GOULAM RABBANI | J17: 10 | K17: E3,E4,E5,E6,E7,F3,F4,F5,F6,F7 | L17: 555 | M17: 41.9 | N17: 1700 | O17: 1292 | P17: =IF(OR(N17="",O17=""),"",IFERROR(O17/N17*100,0)) -> 76 | Q17: 8 | R17: =IF(J17="","",Q17*J17) -> 80 | T17: =IF(OR(R17="",S17=""),"",IFERROR(S17/R17*100,0)) | U17: =IF(OR(O17="",L17="",M17="",S17="",M17=0),"",IFERROR(O17/(L17*60*S17/(M17*36))*100,0)) | W17: =IF(O17="","",IFERROR(V17/O17*100,0)) -> 0 | AF17: =IF(O17="","",SUM(X17:AE17)) -> 0 | AG17: =IF(O17="","",IFERROR(AF17/O17*1000,0)) -> 0
A18: 13 | B18: 46288 | G18: STL005513 | H18: =IFERROR(INDEX('Operator Master'!$B$5:$B$504,MATCH(G18,'Operator Master'!$A$5:$A$504,0)),"") -> MD. HABIBUR RAHMAN | J18: 9 | K18: M1,M2,N1,P1,P2,P3,O1,O2,O3 | L18: 541.66667 | M18: 42.44 | N18: 1700 | O18: 1168 | P18: =IF(OR(N18="",O18=""),"",IFERROR(O18/N18*100,0)) -> 68.705882 | Q18: 8 | R18: =IF(J18="","",Q18*J18) -> 72 | T18: =IF(OR(R18="",S18=""),"",IFERROR(S18/R18*100,0)) | U18: =IF(OR(O18="",L18="",M18="",S18="",M18=0),"",IFERROR(O18/(L18*60*S18/(M18*36))*100,0)) | W18: =IF(O18="","",IFERROR(V18/O18*100,0)) -> 0 | AF18: =IF(O18="","",SUM(X18:AE18)) -> 0 | AG18: =IF(O18="","",IFERROR(AF18/O18*1000,0)) -> 0
A19: 14 | B19: 46288 | G19: STL005520 | H19: =IFERROR(INDEX('Operator Master'!$B$5:$B$504,MATCH(G19,'Operator Master'!$A$5:$A$504,0)),"") -> MD. SAIFUL ISLAM-3 | J19: 9 | K19: I1,I2,I3,I4,J1,J2,J3,J4,J5 | L19: 525 | M19: 39.22 | N19: 1600 | P19: =IF(OR(N19="",O19=""),"",IFERROR(O19/N19*100,0)) | Q19: 8 | R19: =IF(J19="","",Q19*J19) -> 72 | T19: =IF(OR(R19="",S19=""),"",IFERROR(S19/R19*100,0)) | U19: =IF(OR(O19="",L19="",M19="",S19="",M19=0),"",IFERROR(O19/(L19*60*S19/(M19*36))*100,0)) | W19: =IF(O19="","",IFERROR(V19/O19*100,0)) | AF19: =IF(O19="","",SUM(X19:AE19)) | AG19: =IF(O19="","",IFERROR(AF19/O19*1000,0))
A20: 15 | B20: 46288 | G20: STL005488 | H20: =IFERROR(INDEX('Operator Master'!$B$5:$B$504,MATCH(G20,'Operator Master'!$A$5:$A$504,0)),"") -> MD. JAKIR HOSEN | J20: 10 | K20: K1,K2,K3,K4,K5,L1,L2,L3,L4,L5 | L20: 537.5 | M20: 41.6 | N20: 1800 | P20: =IF(OR(N20="",O20=""),"",IFERROR(O20/N20*100,0)) | Q20: 8 | R20: =IF(J20="","",Q20*J20) -> 80 | T20: =IF(OR(R20="",S20=""),"",IFERROR(S20/R20*100,0)) | U20: =IF(OR(O20="",L20="",M20="",S20="",M20=0),"",IFERROR(O20/(L20*60*S20/(M20*36))*100,0)) | W20: =IF(O20="","",IFERROR(V20/O20*100,0)) | AF20: =IF(O20="","",SUM(X20:AE20)) | AG20: =IF(O20="","",IFERROR(AF20/O20*1000,0))
A21: 16 | B21: 46288 | G21: STL005916 | H21: =IFERROR(INDEX('Operator Master'!$B$5:$B$504,MATCH(G21,'Operator Master'!$A$5:$A$504,0)),"") -> AZIZUL HAQUE | J21: 8 | K21: C1,C2,D1,D2,E1,E2,F1,F2 | L21: 559.375 | M21: 41.75 | N21: 1500 | P21: =IF(OR(N21="",O21=""),"",IFERROR(O21/N21*100,0)) | Q21: 8 | R21: =IF(J21="","",Q21*J21) -> 64 | T21: =IF(OR(R21="",S21=""),"",IFERROR(S21/R21*100,0)) | U21: =IF(OR(O21="",L21="",M21="",S21="",M21=0),"",IFERROR(O21/(L21*60*S21/(M21*36))*100,0)) | W21: =IF(O21="","",IFERROR(V21/O21*100,0)) | AF21: =IF(O21="","",SUM(X21:AE21)) | AG21: =IF(O21="","",IFERROR(AF21/O21*1000,0))
A22: 17 | B22: 46288 | G22: STL007346 | H22: =IFERROR(INDEX('Operator Master'!$B$5:$B$504,MATCH(G22,'Operator Master'!$A$5:$A$504,0)),"") -> MD. ANARUL ISLAM | J22: 8 | K22: S2,S3,S4,S5,T2,T4,T5,T6 | L22: 553.125 | M22: 41.25 | N22: 1600 | P22: =IF(OR(N22="",O22=""),"",IFERROR(O22/N22*100,0)) | Q22: 8 | R22: =IF(J22="","",Q22*J22) -> 64 | T22: =IF(OR(R22="",S22=""),"",IFERROR(S22/R22*100,0)) | U22: =IF(OR(O22="",L22="",M22="",S22="",M22=0),"",IFERROR(O22/(L22*60*S22/(M22*36))*100,0)) | W22: =IF(O22="","",IFERROR(V22/O22*100,0)) | AF22: =IF(O22="","",SUM(X22:AE22)) | AG22: =IF(O22="","",IFERROR(AF22/O22*1000,0))
A23: 18 | B23: 46288 | G23: STL007421 | H23: =IFERROR(INDEX('Operator Master'!$B$5:$B$504,MATCH(G23,'Operator Master'!$A$5:$A$504,0)),"") -> MD. ROSHID | J23: 9 | K23: K6,L6,M3,M4,M5,M6,N3,N5,N6 | L23: 533.33333 | M23: 44.67 | N23: 1600 | P23: =IF(OR(N23="",O23=""),"",IFERROR(O23/N23*100,0)) | Q23: 8 | R23: =IF(J23="","",Q23*J23) -> 72 | T23: =IF(OR(R23="",S23=""),"",IFERROR(S23/R23*100,0)) | U23: =IF(OR(O23="",L23="",M23="",S23="",M23=0),"",IFERROR(O23/(L23*60*S23/(M23*36))*100,0)) | W23: =IF(O23="","",IFERROR(V23/O23*100,0)) | AF23: =IF(O23="","",SUM(X23:AE23)) | AG23: =IF(O23="","",IFERROR(AF23/O23*1000,0))
A24: 19 | B24: 46288 | G24: STL007504 | H24: =IFERROR(INDEX('Operator Master'!$B$5:$B$504,MATCH(G24,'Operator Master'!$A$5:$A$504,0)),"") -> MD. AZIM | J24: 10 | K24: C3,C4,C5,C6,C7,D3,D4,D5,D6,D7 | L24: 552.5 | M24: 43.4 | N24: 1800 | P24: =IF(OR(N24="",O24=""),"",IFERROR(O24/N24*100,0)) | Q24: 8 | R24: =IF(J24="","",Q24*J24) -> 80 | T24: =IF(OR(R24="",S24=""),"",IFERROR(S24/R24*100,0)) | U24: =IF(OR(O24="",L24="",M24="",S24="",M24=0),"",IFERROR(O24/(L24*60*S24/(M24*36))*100,0)) | W24: =IF(O24="","",IFERROR(V24/O24*100,0)) | AF24: =IF(O24="","",SUM(X24:AE24)) | AG24: =IF(O24="","",IFERROR(AF24/O24*1000,0))
A25: 20 | B25: 46288 | G25: STL005458 | H25: =IFERROR(INDEX('Operator Master'!$B$5:$B$504,MATCH(G25,'Operator Master'!$A$5:$A$504,0)),"") -> MD. MOTALEB HOSEN | J25: 10 | K25: G1,G2,G3,G4,G5,H1,H2,H3,H4,H5 | L25: 527.5 | M25: 44.8 | N25: 1600 | P25: =IF(OR(N25="",O25=""),"",IFERROR(O25/N25*100,0)) | Q25: 8 | R25: =IF(J25="","",Q25*J25) -> 80 | T25: =IF(OR(R25="",S25=""),"",IFERROR(S25/R25*100,0)) | U25: =IF(OR(O25="",L25="",M25="",S25="",M25=0),"",IFERROR(O25/(L25*60*S25/(M25*36))*100,0)) | W25: =IF(O25="","",IFERROR(V25/O25*100,0)) | AF25: =IF(O25="","",SUM(X25:AE25)) | AG25: =IF(O25="","",IFERROR(AF25/O25*1000,0))
A26: 21 | B26: 46288 | G26: STL005473 | H26: =IFERROR(INDEX('Operator Master'!$B$5:$B$504,MATCH(G26,'Operator Master'!$A$5:$A$504,0)),"") -> MD. KAWSAR ALI | J26: 10 | K26: E3,E4,E5,E6,E7,F3,F4,F5,F6,F7 | L26: 555 | M26: 41.8 | N26: 1900 | P26: =IF(OR(N26="",O26=""),"",IFERROR(O26/N26*100,0)) | Q26: 8 | R26: =IF(J26="","",Q26*J26) -> 80 | T26: =IF(OR(R26="",S26=""),"",IFERROR(S26/R26*100,0)) | U26: =IF(OR(O26="",L26="",M26="",S26="",M26=0),"",IFERROR(O26/(L26*60*S26/(M26*36))*100,0)) | W26: =IF(O26="","",IFERROR(V26/O26*100,0)) | AF26: =IF(O26="","",SUM(X26:AE26)) | AG26: =IF(O26="","",IFERROR(AF26/O26*1000,0))
A27: 22 | B27: 46288 | G27: STL005474 | H27: =IFERROR(INDEX('Operator Master'!$B$5:$B$504,MATCH(G27,'Operator Master'!$A$5:$A$504,0)),"") -> MD. FARMAN ALI | J27: 9 | K27: G6,G7,H6,H7,I5,I6,I7,J6,J7 | L27: 569.44444 | M27: 42.22 | N27: 1700 | P27: =IF(OR(N27="",O27=""),"",IFERROR(O27/N27*100,0)) | Q27: 8 | R27: =IF(J27="","",Q27*J27) -> 72 | T27: =IF(OR(R27="",S27=""),"",IFERROR(S27/R27*100,0)) | U27: =IF(OR(O27="",L27="",M27="",S27="",M27=0),"",IFERROR(O27/(L27*60*S27/(M27*36))*100,0)) | W27: =IF(O27="","",IFERROR(V27/O27*100,0)) | AF27: =IF(O27="","",SUM(X27:AE27)) | AG27: =IF(O27="","",IFERROR(AF27/O27*1000,0))
A28: 23 | B28: 46288 | G28: STL005478 | H28: =IFERROR(INDEX('Operator Master'!$B$5:$B$504,MATCH(G28,'Operator Master'!$A$5:$A$504,0)),"") -> MD. JULHAS UDDIN | J28: 9 | K28: U2,U3,U5,U6,V2,V3,V4,V5,V6 | L28: 505.55556 | M28: 44.81 | N28: 1500 | P28: =IF(OR(N28="",O28=""),"",IFERROR(O28/N28*100,0)) | Q28: 8 | R28: =IF(J28="","",Q28*J28) -> 72 | T28: =IF(OR(R28="",S28=""),"",IFERROR(S28/R28*100,0)) | U28: =IF(OR(O28="",L28="",M28="",S28="",M28=0),"",IFERROR(O28/(L28*60*S28/(M28*36))*100,0)) | W28: =IF(O28="","",IFERROR(V28/O28*100,0)) | AF28: =IF(O28="","",SUM(X28:AE28)) | AG28: =IF(O28="","",IFERROR(AF28/O28*1000,0))
A29: 24 | B29: 46288 | G29: STL005493 | H29: =IFERROR(INDEX('Operator Master'!$B$5:$B$504,MATCH(G29,'Operator Master'!$A$5:$A$504,0)),"") -> MD. ABDUL AWAL | J29: 7 | K29: Q1,Q2,Q4,R1,R3,R4,S1 | L29: 539.28571 | M29: 40.43 | N29: 1400 | P29: =IF(OR(N29="",O29=""),"",IFERROR(O29/N29*100,0)) | Q29: 8 | R29: =IF(J29="","",Q29*J29) -> 56 | T29: =IF(OR(R29="",S29=""),"",IFERROR(S29/R29*100,0)) | U29: =IF(OR(O29="",L29="",M29="",S29="",M29=0),"",IFERROR(O29/(L29*60*S29/(M29*36))*100,0)) | W29: =IF(O29="","",IFERROR(V29/O29*100,0)) | AF29: =IF(O29="","",SUM(X29:AE29)) | AG29: =IF(O29="","",IFERROR(AF29/O29*1000,0))
A30: 25 | B30: 46288 | G30: STL005469 | H30: =IFERROR(INDEX('Operator Master'!$B$5:$B$504,MATCH(G30,'Operator Master'!$A$5:$A$504,0)),"") -> MD. DULU MIA | J30: 8 | K30: M1,M2,N1,O2,O3,P1,P2,P3 | L30: 540.625 | M30: 42.63 | N30: 1500 | P30: =IF(OR(N30="",O30=""),"",IFERROR(O30/N30*100,0)) | Q30: 8 | R30: =IF(J30="","",Q30*J30) -> 64 | T30: =IF(OR(R30="",S30=""),"",IFERROR(S30/R30*100,0)) | U30: =IF(OR(O30="",L30="",M30="",S30="",M30=0),"",IFERROR(O30/(L30*60*S30/(M30*36))*100,0)) | W30: =IF(O30="","",IFERROR(V30/O30*100,0)) | AF30: =IF(O30="","",SUM(X30:AE30)) | AG30: =IF(O30="","",IFERROR(AF30/O30*1000,0))
A31: 26 | B31: 46288 | G31: STL005464 | H31: =IFERROR(INDEX('Operator Master'!$B$5:$B$504,MATCH(G31,'Operator Master'!$A$5:$A$504,0)),"") -> SREE SUSANTO CHANDRA | J31: 8 | K31: O5,O6,P4,P5,Q5,Q6,R5,R6 | L31: 543.75 | M31: 42.5 | N31: 1500 | P31: =IF(OR(N31="",O31=""),"",IFERROR(O31/N31*100,0)) | Q31: 8 | R31: =IF(J31="","",Q31*J31) -> 64 | T31: =IF(OR(R31="",S31=""),"",IFERROR(S31/R31*100,0)) | U31: =IF(OR(O31="",L31="",M31="",S31="",M31=0),"",IFERROR(O31/(L31*60*S31/(M31*36))*100,0)) | W31: =IF(O31="","",IFERROR(V31/O31*100,0)) | AF31: =IF(O31="","",SUM(X31:AE31)) | AG31: =IF(O31="","",IFERROR(AF31/O31*1000,0))
A32: 27 | B32: 46288 | G32: STL005471 | H32: =IFERROR(INDEX('Operator Master'!$B$5:$B$504,MATCH(G32,'Operator Master'!$A$5:$A$504,0)),"") -> MD. ASHRAFUL ISLAM | L32: 545 | M32: 41.8 | P32: =IF(OR(N32="",O32=""),"",IFERROR(O32/N32*100,0)) | Q32: 8 | R32: =IF(J32="","",Q32*J32) | T32: =IF(OR(R32="",S32=""),"",IFERROR(S32/R32*100,0)) | U32: =IF(OR(O32="",L32="",M32="",S32="",M32=0),"",IFERROR(O32/(L32*60*S32/(M32*36))*100,0)) | W32: =IF(O32="","",IFERROR(V32/O32*100,0)) | AF32: =IF(O32="","",SUM(X32:AE32)) | AG32: =IF(O32="","",IFERROR(AF32/O32*1000,0))
A33: 28 | B33: 46288 | G33: STL005525 | H33: =IFERROR(INDEX('Operator Master'!$B$5:$B$504,MATCH(G33,'Operator Master'!$A$5:$A$504,0)),"") -> MD. ASRAF AKANDA | L33: 555.55556 | M33: 43.78 | P33: =IF(OR(N33="",O33=""),"",IFERROR(O33/N33*100,0)) | Q33: 8 | R33: =IF(J33="","",Q33*J33) | T33: =IF(OR(R33="",S33=""),"",IFERROR(S33/R33*100,0)) | U33: =IF(OR(O33="",L33="",M33="",S33="",M33=0),"",IFERROR(O33/(L33*60*S33/(M33*36))*100,0)) | W33: =IF(O33="","",IFERROR(V33/O33*100,0)) | AF33: =IF(O33="","",SUM(X33:AE33)) | AG33: =IF(O33="","",IFERROR(AF33/O33*1000,0))
A34: 29 | B34: 46288 | G34: STL005503 | H34: =IFERROR(INDEX('Operator Master'!$B$5:$B$504,MATCH(G34,'Operator Master'!$A$5:$A$504,0)),"") -> MD. JIHADUZZAMAN (JIAD) | L34: 530 | M34: 44.7 | P34: =IF(OR(N34="",O34=""),"",IFERROR(O34/N34*100,0)) | Q34: 8 | R34: =IF(J34="","",Q34*J34) | T34: =IF(OR(R34="",S34=""),"",IFERROR(S34/R34*100,0)) | U34: =IF(OR(O34="",L34="",M34="",S34="",M34=0),"",IFERROR(O34/(L34*60*S34/(M34*36))*100,0)) | W34: =IF(O34="","",IFERROR(V34/O34*100,0)) | AF34: =IF(O34="","",SUM(X34:AE34)) | AG34: =IF(O34="","",IFERROR(AF34/O34*1000,0))
A35: 30 | B35: 46288 | G35: STL005519 | H35: =IFERROR(INDEX('Operator Master'!$B$5:$B$504,MATCH(G35,'Operator Master'!$A$5:$A$504,0)),"") -> MD. MOZNU SHEKH | L35: 555 | M35: 41.9 | P35: =IF(OR(N35="",O35=""),"",IFERROR(O35/N35*100,0)) | Q35: 8 | R35: =IF(J35="","",Q35*J35) | T35: =IF(OR(R35="",S35=""),"",IFERROR(S35/R35*100,0)) | U35: =IF(OR(O35="",L35="",M35="",S35="",M35=0),"",IFERROR(O35/(L35*60*S35/(M35*36))*100,0)) | W35: =IF(O35="","",IFERROR(V35/O35*100,0)) | AF35: =IF(O35="","",SUM(X35:AE35)) | AG35: =IF(O35="","",IFERROR(AF35/O35*1000,0))
A36: 31 | B36: 46288 | G36: STL005500 | H36: =IFERROR(INDEX('Operator Master'!$B$5:$B$504,MATCH(G36,'Operator Master'!$A$5:$A$504,0)),"") -> MD. AMINUR ISLAM | L36: 541.66667 | M36: 42.44 | P36: =IF(OR(N36="",O36=""),"",IFERROR(O36/N36*100,0)) | Q36: 8 | R36: =IF(J36="","",Q36*J36) | T36: =IF(OR(R36="",S36=""),"",IFERROR(S36/R36*100,0)) | U36: =IF(OR(O36="",L36="",M36="",S36="",M36=0),"",IFERROR(O36/(L36*60*S36/(M36*36))*100,0)) | W36: =IF(O36="","",IFERROR(V36/O36*100,0)) | AF36: =IF(O36="","",SUM(X36:AE36)) | AG36: =IF(O36="","",IFERROR(AF36/O36*1000,0))
A37: 32 | B37: 46288 | G37: STL006681 | H37: =IFERROR(INDEX('Operator Master'!$B$5:$B$504,MATCH(G37,'Operator Master'!$A$5:$A$504,0)),"") -> MD. BABUL MIAH | L37: 525 | M37: 39.22 | P37: =IF(OR(N37="",O37=""),"",IFERROR(O37/N37*100,0)) | Q37: 8 | R37: =IF(J37="","",Q37*J37) | T37: =IF(OR(R37="",S37=""),"",IFERROR(S37/R37*100,0)) | U37: =IF(OR(O37="",L37="",M37="",S37="",M37=0),"",IFERROR(O37/(L37*60*S37/(M37*36))*100,0)) | W37: =IF(O37="","",IFERROR(V37/O37*100,0)) | AF37: =IF(O37="","",SUM(X37:AE37)) | AG37: =IF(O37="","",IFERROR(AF37/O37*1000,0))
A38: 33 | B38: 46288 | G38: STL006736 | H38: =IFERROR(INDEX('Operator Master'!$B$5:$B$504,MATCH(G38,'Operator Master'!$A$5:$A$504,0)),"") -> MD. ROFIKUL ISLAM | L38: 537.5 | M38: 41.6 | P38: =IF(OR(N38="",O38=""),"",IFERROR(O38/N38*100,0)) | Q38: 8 | R38: =IF(J38="","",Q38*J38) | T38: =IF(OR(R38="",S38=""),"",IFERROR(S38/R38*100,0)) | U38: =IF(OR(O38="",L38="",M38="",S38="",M38=0),"",IFERROR(O38/(L38*60*S38/(M38*36))*100,0)) | W38: =IF(O38="","",IFERROR(V38/O38*100,0)) | AF38: =IF(O38="","",SUM(X38:AE38)) | AG38: =IF(O38="","",IFERROR(AF38/O38*1000,0))
A39: 34 | B39: 46288 | G39: STL007340 | H39: =IFERROR(INDEX('Operator Master'!$B$5:$B$504,MATCH(G39,'Operator Master'!$A$5:$A$504,0)),"") -> MD. AMINUL ISLAM-2 | L39: 559.375 | M39: 41.75 | P39: =IF(OR(N39="",O39=""),"",IFERROR(O39/N39*100,0)) | Q39: 8 | R39: =IF(J39="","",Q39*J39) | T39: =IF(OR(R39="",S39=""),"",IFERROR(S39/R39*100,0)) | U39: =IF(OR(O39="",L39="",M39="",S39="",M39=0),"",IFERROR(O39/(L39*60*S39/(M39*36))*100,0)) | W39: =IF(O39="","",IFERROR(V39/O39*100,0)) | AF39: =IF(O39="","",SUM(X39:AE39)) | AG39: =IF(O39="","",IFERROR(AF39/O39*1000,0))
A40: 35 | B40: 46288 | G40: STL007341 | H40: =IFERROR(INDEX('Operator Master'!$B$5:$B$504,MATCH(G40,'Operator Master'!$A$5:$A$504,0)),"") -> MD. JONY ALOM | L40: 553.125 | M40: 41.25 | P40: =IF(OR(N40="",O40=""),"",IFERROR(O40/N40*100,0)) | Q40: 8 | R40: =IF(J40="","",Q40*J40) | T40: =IF(OR(R40="",S40=""),"",IFERROR(S40/R40*100,0)) | U40: =IF(OR(O40="",L40="",M40="",S40="",M40=0),"",IFERROR(O40/(L40*60*S40/(M40*36))*100,0)) | W40: =IF(O40="","",IFERROR(V40/O40*100,0)) | AF40: =IF(O40="","",SUM(X40:AE40)) | AG40: =IF(O40="","",IFERROR(AF40/O40*1000,0))
A41: 36 | B41: 46288 | G41: STL007502 | H41: =IFERROR(INDEX('Operator Master'!$B$5:$B$504,MATCH(G41,'Operator Master'!$A$5:$A$504,0)),"") -> MD. HELIM ISLAM | L41: 533.33333 | M41: 44.67 | P41: =IF(OR(N41="",O41=""),"",IFERROR(O41/N41*100,0)) | Q41: 8 | R41: =IF(J41="","",Q41*J41) | T41: =IF(OR(R41="",S41=""),"",IFERROR(S41/R41*100,0)) | U41: =IF(OR(O41="",L41="",M41="",S41="",M41=0),"",IFERROR(O41/(L41*60*S41/(M41*36))*100,0)) | W41: =IF(O41="","",IFERROR(V41/O41*100,0)) | AF41: =IF(O41="","",SUM(X41:AE41)) | AG41: =IF(O41="","",IFERROR(AF41/O41*1000,0))
A42: 37 | B42: 46288 | G42: STL007503 | H42: =IFERROR(INDEX('Operator Master'!$B$5:$B$504,MATCH(G42,'Operator Master'!$A$5:$A$504,0)),"") -> MD. JIHAD MOLLA | L42: 552.5 | M42: 43.4 | P42: =IF(OR(N42="",O42=""),"",IFERROR(O42/N42*100,0)) | Q42: 8 | R42: =IF(J42="","",Q42*J42) | T42: =IF(OR(R42="",S42=""),"",IFERROR(S42/R42*100,0)) | U42: =IF(OR(O42="",L42="",M42="",S42="",M42=0),"",IFERROR(O42/(L42*60*S42/(M42*36))*100,0)) | W42: =IF(O42="","",IFERROR(V42/O42*100,0)) | AF42: =IF(O42="","",SUM(X42:AE42)) | AG42: =IF(O42="","",IFERROR(AF42/O42*1000,0))
A43: 38 | B43: 46288 | G43: STL005456 | H43: =IFERROR(INDEX('Operator Master'!$B$5:$B$504,MATCH(G43,'Operator Master'!$A$5:$A$504,0)),"") -> MD. ABDUL KADIR | L43: 527.5 | M43: 44.8 | P43: =IF(OR(N43="",O43=""),"",IFERROR(O43/N43*100,0)) | Q43: 8 | R43: =IF(J43="","",Q43*J43) | T43: =IF(OR(R43="",S43=""),"",IFERROR(S43/R43*100,0)) | U43: =IF(OR(O43="",L43="",M43="",S43="",M43=0),"",IFERROR(O43/(L43*60*S43/(M43*36))*100,0)) | W43: =IF(O43="","",IFERROR(V43/O43*100,0)) | AF43: =IF(O43="","",SUM(X43:AE43)) | AG43: =IF(O43="","",IFERROR(AF43/O43*1000,0))
... A49: 44 | B49: 46288 | G49: STL005479 | H49: =IFERROR(INDEX('Operator Master'!$B$5:$B$504,MATCH(G49,'Operator Master'!$A$5:$A$504,0)),"") -> MD. SAIFUL ISLAM | L49: 543.75 | M49: 42.5 | P49: =IF(OR(N49="",O49=""),"",IFERROR(O49/N49*100,0)) | Q49: 8 | R49: =IF(J49="","",Q49*J49) | T49: =IF(OR(R49="",S49=""),"",IFERROR(S49/R49*100,0)) | U49: =IF(OR(O49="",L49="",M49="",S49="",M49=0),"",IFERROR(O49/(L49*60*S49/(M49*36))*100,0)) | W49: =IF(O49="","",IFERROR(V49/O49*100,0)) | AF49: =IF(O49="","",SUM(X49:AE49)) | AG49: =IF(O49="","",IFERROR(AF49/O49*1000,0))
A50: 45 | B50: 46288 | G50: STL005508 | H50: =IFERROR(INDEX('Operator Master'!$B$5:$B$504,MATCH(G50,'Operator Master'!$A$5:$A$504,0)),"") -> MD. NAJMUL ISLAM | P50: =IF(OR(N50="",O50=""),"",IFERROR(O50/N50*100,0)) | Q50: 8 | R50: =IF(J50="","",Q50*J50) | T50: =IF(OR(R50="",S50=""),"",IFERROR(S50/R50*100,0)) | U50: =IF(OR(O50="",L50="",M50="",S50="",M50=0),"",IFERROR(O50/(L50*60*S50/(M50*36))*100,0)) | W50: =IF(O50="","",IFERROR(V50/O50*100,0)) | AF50: =IF(O50="","",SUM(X50:AE50)) | AG50: =IF(O50="","",IFERROR(AF50/O50*1000,0))
A51: 46 | B51: 46288 | G51: STL005459 | H51: =IFERROR(INDEX('Operator Master'!$B$5:$B$504,MATCH(G51,'Operator Master'!$A$5:$A$504,0)),"") -> MD. ANOWAR HOSEN-1 | P51: =IF(OR(N51="",O51=""),"",IFERROR(O51/N51*100,0)) | Q51: 8 | R51: =IF(J51="","",Q51*J51) | T51: =IF(OR(R51="",S51=""),"",IFERROR(S51/R51*100,0)) | U51: =IF(OR(O51="",L51="",M51="",S51="",M51=0),"",IFERROR(O51/(L51*60*S51/(M51*36))*100,0)) | W51: =IF(O51="","",IFERROR(V51/O51*100,0)) | AF51: =IF(O51="","",SUM(X51:AE51)) | AG51: =IF(O51="","",IFERROR(AF51/O51*1000,0))
A52: 47 | B52: 46288 | G52: STL005462 | H52: =IFERROR(INDEX('Operator Master'!$B$5:$B$504,MATCH(G52,'Operator Master'!$A$5:$A$504,0)),"") -> MD. JAHANGIR | P52: =IF(OR(N52="",O52=""),"",IFERROR(O52/N52*100,0)) | Q52: 8 | R52: =IF(J52="","",Q52*J52) | T52: =IF(OR(R52="",S52=""),"",IFERROR(S52/R52*100,0)) | U52: =IF(OR(O52="",L52="",M52="",S52="",M52=0),"",IFERROR(O52/(L52*60*S52/(M52*36))*100,0)) | W52: =IF(O52="","",IFERROR(V52/O52*100,0)) | AF52: =IF(O52="","",SUM(X52:AE52)) | AG52: =IF(O52="","",IFERROR(AF52/O52*1000,0))
A53: 48 | B53: 46288 | G53: STL005463 | H53: =IFERROR(INDEX('Operator Master'!$B$5:$B$504,MATCH(G53,'Operator Master'!$A$5:$A$504,0)),"") -> MD. FAZLUL HAQUE | P53: =IF(OR(N53="",O53=""),"",IFERROR(O53/N53*100,0)) | Q53: 8 | R53: =IF(J53="","",Q53*J53) | T53: =IF(OR(R53="",S53=""),"",IFERROR(S53/R53*100,0)) | U53: =IF(OR(O53="",L53="",M53="",S53="",M53=0),"",IFERROR(O53/(L53*60*S53/(M53*36))*100,0)) | W53: =IF(O53="","",IFERROR(V53/O53*100,0)) | AF53: =IF(O53="","",SUM(X53:AE53)) | AG53: =IF(O53="","",IFERROR(AF53/O53*1000,0))
A54: 49 | B54: 46288 | G54: STL005512 | H54: =IFERROR(INDEX('Operator Master'!$B$5:$B$504,MATCH(G54,'Operator Master'!$A$5:$A$504,0)),"") -> MD. AMJAD ALI | P54: =IF(OR(N54="",O54=""),"",IFERROR(O54/N54*100,0)) | Q54: 8 | R54: =IF(J54="","",Q54*J54) | T54: =IF(OR(R54="",S54=""),"",IFERROR(S54/R54*100,0)) | U54: =IF(OR(O54="",L54="",M54="",S54="",M54=0),"",IFERROR(O54/(L54*60*S54/(M54*36))*100,0)) | W54: =IF(O54="","",IFERROR(V54/O54*100,0)) | AF54: =IF(O54="","",SUM(X54:AE54)) | AG54: =IF(O54="","",IFERROR(AF54/O54*1000,0))
A55: 50 | B55: 46288 | G55: STL005522 | H55: =IFERROR(INDEX('Operator Master'!$B$5:$B$504,MATCH(G55,'Operator Master'!$A$5:$A$504,0)),"") -> MD. MAKHON | P55: =IF(OR(N55="",O55=""),"",IFERROR(O55/N55*100,0)) | Q55: 8 | R55: =IF(J55="","",Q55*J55) | T55: =IF(OR(R55="",S55=""),"",IFERROR(S55/R55*100,0)) | U55: =IF(OR(O55="",L55="",M55="",S55="",M55=0),"",IFERROR(O55/(L55*60*S55/(M55*36))*100,0)) | W55: =IF(O55="","",IFERROR(V55/O55*100,0)) | AF55: =IF(O55="","",SUM(X55:AE55)) | AG55: =IF(O55="","",IFERROR(AF55/O55*1000,0))
A56: 51 | B56: 46288 | G56: STL006398 | H56: =IFERROR(INDEX('Operator Master'!$B$5:$B$504,MATCH(G56,'Operator Master'!$A$5:$A$504,0)),"") -> MD. BELAYET HOSSAIN | P56: =IF(OR(N56="",O56=""),"",IFERROR(O56/N56*100,0)) | Q56: 8 | R56: =IF(J56="","",Q56*J56) | T56: =IF(OR(R56="",S56=""),"",IFERROR(S56/R56*100,0)) | U56: =IF(OR(O56="",L56="",M56="",S56="",M56=0),"",IFERROR(O56/(L56*60*S56/(M56*36))*100,0)) | W56: =IF(O56="","",IFERROR(V56/O56*100,0)) | AF56: =IF(O56="","",SUM(X56:AE56)) | AG56: =IF(O56="","",IFERROR(AF56/O56*1000,0))
A57: 52 | B57: 46288 | G57: STL006677 | H57: =IFERROR(INDEX('Operator Master'!$B$5:$B$504,MATCH(G57,'Operator Master'!$A$5:$A$504,0)),"") -> MD. SELIM HOSSEN | P57: =IF(OR(N57="",O57=""),"",IFERROR(O57/N57*100,0)) | Q57: 8 | R57: =IF(J57="","",Q57*J57) | T57: =IF(OR(R57="",S57=""),"",IFERROR(S57/R57*100,0)) | U57: =IF(OR(O57="",L57="",M57="",S57="",M57=0),"",IFERROR(O57/(L57*60*S57/(M57*36))*100,0)) | W57: =IF(O57="","",IFERROR(V57/O57*100,0)) | AF57: =IF(O57="","",SUM(X57:AE57)) | AG57: =IF(O57="","",IFERROR(AF57/O57*1000,0))
A58: 53 | B58: 46288 | G58: STL006737 | H58: =IFERROR(INDEX('Operator Master'!$B$5:$B$504,MATCH(G58,'Operator Master'!$A$5:$A$504,0)),"") -> MD. MARUF | P58: =IF(OR(N58="",O58=""),"",IFERROR(O58/N58*100,0)) | Q58: 8 | R58: =IF(J58="","",Q58*J58) | T58: =IF(OR(R58="",S58=""),"",IFERROR(S58/R58*100,0)) | U58: =IF(OR(O58="",L58="",M58="",S58="",M58=0),"",IFERROR(O58/(L58*60*S58/(M58*36))*100,0)) | W58: =IF(O58="","",IFERROR(V58/O58*100,0)) | AF58: =IF(O58="","",SUM(X58:AE58)) | AG58: =IF(O58="","",IFERROR(AF58/O58*1000,0))
A59: 54 | B59: 46288 | G59: STL007293 | H59: =IFERROR(INDEX('Operator Master'!$B$5:$B$504,MATCH(G59,'Operator Master'!$A$5:$A$504,0)),"") -> MD. ISMAHIL | P59: =IF(OR(N59="",O59=""),"",IFERROR(O59/N59*100,0)) | Q59: 8 | R59: =IF(J59="","",Q59*J59) | T59: =IF(OR(R59="",S59=""),"",IFERROR(S59/R59*100,0)) | U59: =IF(OR(O59="",L59="",M59="",S59="",M59=0),"",IFERROR(O59/(L59*60*S59/(M59*36))*100,0)) | W59: =IF(O59="","",IFERROR(V59/O59*100,0)) | AF59: =IF(O59="","",SUM(X59:AE59)) | AG59: =IF(O59="","",IFERROR(AF59/O59*1000,0))
A60: 55 | B60: 46288 | G60: STL007292 | H60: =IFERROR(INDEX('Operator Master'!$B$5:$B$504,MATCH(G60,'Operator Master'!$A$5:$A$504,0)),"") -> MD. KHABIR MOLLA | P60: =IF(OR(N60="",O60=""),"",IFERROR(O60/N60*100,0)) | Q60: 8 | R60: =IF(J60="","",Q60*J60) | T60: =IF(OR(R60="",S60=""),"",IFERROR(S60/R60*100,0)) | U60: =IF(OR(O60="",L60="",M60="",S60="",M60=0),"",IFERROR(O60/(L60*60*S60/(M60*36))*100,0)) | W60: =IF(O60="","",IFERROR(V60/O60*100,0)) | AF60: =IF(O60="","",SUM(X60:AE60)) | AG60: =IF(O60="","",IFERROR(AF60/O60*1000,0))
A61: 56 | B61: 46288 | G61: STL007425 | H61: =IFERROR(INDEX('Operator Master'!$B$5:$B$504,MATCH(G61,'Operator Master'!$A$5:$A$504,0)),"") -> MD. ALOM ISLAM | P61: =IF(OR(N61="",O61=""),"",IFERROR(O61/N61*100,0)) | Q61: 8 | R61: =IF(J61="","",Q61*J61) | T61: =IF(OR(R61="",S61=""),"",IFERROR(S61/R61*100,0)) | U61: =IF(OR(O61="",L61="",M61="",S61="",M61=0),"",IFERROR(O61/(L61*60*S61/(M61*36))*100,0)) | W61: =IF(O61="","",IFERROR(V61/O61*100,0)) | AF61: =IF(O61="","",SUM(X61:AE61)) | AG61: =IF(O61="","",IFERROR(AF61/O61*1000,0))
H62: =IFERROR(INDEX('Operator Master'!$B$5:$B$504,MATCH(G62,'Operator Master'!$A$5:$A$504,0)),"") | P62: =IF(OR(N62="",O62=""),"",IFERROR(O62/N62*100,0)) | Q62: 8 | R62: =IF(J62="","",Q62*J62) | T62: =IF(OR(R62="",S62=""),"",IFERROR(S62/R62*100,0)) | U62: =IF(OR(O62="",L62="",M62="",S62="",M62=0),"",IFERROR(O62/(L62*60*S62/(M62*36))*100,0)) | W62: =IF(O62="","",IFERROR(V62/O62*100,0)) | AF62: =IF(O62="","",SUM(X62:AE62)) | AG62: =IF(O62="","",IFERROR(AF62/O62*1000,0))
H63: =IFERROR(INDEX('Operator Master'!$B$5:$B$504,MATCH(G63,'Operator Master'!$A$5:$A$504,0)),"") | P63: =IF(OR(N63="",O63=""),"",IFERROR(O63/N63*100,0)) | Q63: 8 | R63: =IF(J63="","",Q63*J63) | T63: =IF(OR(R63="",S63=""),"",IFERROR(S63/R63*100,0)) | U63: =IF(OR(O63="",L63="",M63="",S63="",M63=0),"",IFERROR(O63/(L63*60*S63/(M63*36))*100,0)) | W63: =IF(O63="","",IFERROR(V63/O63*100,0)) | AF63: =IF(O63="","",SUM(X63:AE63)) | AG63: =IF(O63="","",IFERROR(AF63/O63*1000,0))
H64: =IFERROR(INDEX('Operator Master'!$B$5:$B$504,MATCH(G64,'Operator Master'!$A$5:$A$504,0)),"") | P64: =IF(OR(N64="",O64=""),"",IFERROR(O64/N64*100,0)) | Q64: 8 | R64: =IF(J64="","",Q64*J64) | T64: =IF(OR(R64="",S64=""),"",IFERROR(S64/R64*100,0)) | U64: =IF(OR(O64="",L64="",M64="",S64="",M64=0),"",IFERROR(O64/(L64*60*S64/(M64*36))*100,0)) | W64: =IF(O64="","",IFERROR(V64/O64*100,0)) | AF64: =IF(O64="","",SUM(X64:AE64)) | AG64: =IF(O64="","",IFERROR(AF64/O64*1000,0))
H65: =IFERROR(INDEX('Operator Master'!$B$5:$B$504,MATCH(G65,'Operator Master'!$A$5:$A$504,0)),"") | P65: =IF(OR(N65="",O65=""),"",IFERROR(O65/N65*100,0)) | Q65: 8 | R65: =IF(J65="","",Q65*J65) | T65: =IF(OR(R65="",S65=""),"",IFERROR(S65/R65*100,0)) | U65: =IF(OR(O65="",L65="",M65="",S65="",M65=0),"",IFERROR(O65/(L65*60*S65/(M65*36))*100,0)) | W65: =IF(O65="","",IFERROR(V65/O65*100,0)) | AF65: =IF(O65="","",SUM(X65:AE65)) | AG65: =IF(O65="","",IFERROR(AF65/O65*1000,0))
H66: =IFERROR(INDEX('Operator Master'!$B$5:$B$504,MATCH(G66,'Operator Master'!$A$5:$A$504,0)),"") | P66: =IF(OR(N66="",O66=""),"",IFERROR(O66/N66*100,0)) | Q66: 8 | R66: =IF(J66="","",Q66*J66) | T66: =IF(OR(R66="",S66=""),"",IFERROR(S66/R66*100,0)) | U66: =IF(OR(O66="",L66="",M66="",S66="",M66=0),"",IFERROR(O66/(L66*60*S66/(M66*36))*100,0)) | W66: =IF(O66="","",IFERROR(V66/O66*100,0)) | AF66: =IF(O66="","",SUM(X66:AE66)) | AG66: =IF(O66="","",IFERROR(AF66/O66*1000,0))
H67: =IFERROR(INDEX('Operator Master'!$B$5:$B$504,MATCH(G67,'Operator Master'!$A$5:$A$504,0)),"") | P67: =IF(OR(N67="",O67=""),"",IFERROR(O67/N67*100,0)) | Q67: 8 | R67: =IF(J67="","",Q67*J67) | T67: =IF(OR(R67="",S67=""),"",IFERROR(S67/R67*100,0)) | U67: =IF(OR(O67="",L67="",M67="",S67="",M67=0),"",IFERROR(O67/(L67*60*S67/(M67*36))*100,0)) | W67: =IF(O67="","",IFERROR(V67/O67*100,0)) | AF67: =IF(O67="","",SUM(X67:AE67)) | AG67: =IF(O67="","",IFERROR(AF67/O67*1000,0))
H68: =IFERROR(INDEX('Operator Master'!$B$5:$B$504,MATCH(G68,'Operator Master'!$A$5:$A$504,0)),"") | P68: =IF(OR(N68="",O68=""),"",IFERROR(O68/N68*100,0)) | Q68: 8 | R68: =IF(J68="","",Q68*J68) | T68: =IF(OR(R68="",S68=""),"",IFERROR(S68/R68*100,0)) | U68: =IF(OR(O68="",L68="",M68="",S68="",M68=0),"",IFERROR(O68/(L68*60*S68/(M68*36))*100,0)) | W68: =IF(O68="","",IFERROR(V68/O68*100,0)) | AF68: =IF(O68="","",SUM(X68:AE68)) | AG68: =IF(O68="","",IFERROR(AF68/O68*1000,0))
H69: =IFERROR(INDEX('Operator Master'!$B$5:$B$504,MATCH(G69,'Operator Master'!$A$5:$A$504,0)),"") | P69: =IF(OR(N69="",O69=""),"",IFERROR(O69/N69*100,0)) | Q69: 8 | R69: =IF(J69="","",Q69*J69) | T69: =IF(OR(R69="",S69=""),"",IFERROR(S69/R69*100,0)) | U69: =IF(OR(O69="",L69="",M69="",S69="",M69=0),"",IFERROR(O69/(L69*60*S69/(M69*36))*100,0)) | W69: =IF(O69="","",IFERROR(V69/O69*100,0)) | AF69: =IF(O69="","",SUM(X69:AE69)) | AG69: =IF(O69="","",IFERROR(AF69/O69*1000,0))
H70: =IFERROR(INDEX('Operator Master'!$B$5:$B$504,MATCH(G70,'Operator Master'!$A$5:$A$504,0)),"") | P70: =IF(OR(N70="",O70=""),"",IFERROR(O70/N70*100,0)) | Q70: 8 | R70: =IF(J70="","",Q70*J70) | T70: =IF(OR(R70="",S70=""),"",IFERROR(S70/R70*100,0)) | U70: =IF(OR(O70="",L70="",M70="",S70="",M70=0),"",IFERROR(O70/(L70*60*S70/(M70*36))*100,0)) | W70: =IF(O70="","",IFERROR(V70/O70*100,0)) | AF70: =IF(O70="","",SUM(X70:AE70)) | AG70: =IF(O70="","",IFERROR(AF70/O70*1000,0))
H71: =IFERROR(INDEX('Operator Master'!$B$5:$B$504,MATCH(G71,'Operator Master'!$A$5:$A$504,0)),"") | P71: =IF(OR(N71="",O71=""),"",IFERROR(O71/N71*100,0)) | Q71: 8 | R71: =IF(J71="","",Q71*J71) | T71: =IF(OR(R71="",S71=""),"",IFERROR(S71/R71*100,0)) | U71: =IF(OR(O71="",L71="",M71="",S71="",M71=0),"",IFERROR(O71/(L71*60*S71/(M71*36))*100,0)) | W71: =IF(O71="","",IFERROR(V71/O71*100,0)) | AF71: =IF(O71="","",SUM(X71:AE71)) | AG71: =IF(O71="","",IFERROR(AF71/O71*1000,0))
H72: =IFERROR(INDEX('Operator Master'!$B$5:$B$504,MATCH(G72,'Operator Master'!$A$5:$A$504,0)),"") | P72: =IF(OR(N72="",O72=""),"",IFERROR(O72/N72*100,0)) | Q72: 8 | R72: =IF(J72="","",Q72*J72) | T72: =IF(OR(R72="",S72=""),"",IFERROR(S72/R72*100,0)) | U72: =IF(OR(O72="",L72="",M72="",S72="",M72=0),"",IFERROR(O72/(L72*60*S72/(M72*36))*100,0)) | W72: =IF(O72="","",IFERROR(V72/O72*100,0)) | AF72: =IF(O72="","",SUM(X72:AE72)) | AG72: =IF(O72="","",IFERROR(AF72/O72*1000,0))
H73: =IFERROR(INDEX('Operator Master'!$B$5:$B$504,MATCH(G73,'Operator Master'!$A$5:$A$504,0)),"") | P73: =IF(OR(N73="",O73=""),"",IFERROR(O73/N73*100,0)) | Q73: 8 | R73: =IF(J73="","",Q73*J73) | T73: =IF(OR(R73="",S73=""),"",IFERROR(S73/R73*100,0)) | U73: =IF(OR(O73="",L73="",M73="",S73="",M73=0),"",IFERROR(O73/(L73*60*S73/(M73*36))*100,0)) | W73: =IF(O73="","",IFERROR(V73/O73*100,0)) | AF73: =IF(O73="","",SUM(X73:AE73)) | AG73: =IF(O73="","",IFERROR(AF73/O73*1000,0))
... H505: =IFERROR(INDEX('Operator Master'!$B$5:$B$504,MATCH(G505,'Operator Master'!$A$5:$A$504,0)),"") | P505: =IF(OR(N505="",O505=""),"",IFERROR(O505/N505*100,0)) | Q505: 8 | R505: =IF(J505="","",Q505*J505) | T505: =IF(OR(R505="",S505=""),"",IFERROR(S505/R505*100,0)) | U505: =IF(OR(O505="",L505="",M505="",S505="",M505=0),"",IFERROR(O505/(L505*60*S505/(M505*36))*100,0)) | W505: =IF(O505="","",IFERROR(V505/O505*100,0)) | AF505: =IF(O505="","",SUM(X505:AE505)) | AG505: =IF(O505="","",IFERROR(AF505/O505*1000,0))

Sheet Fault & Downtime Entry
A1: STL FU — WEAVING | FAULT & DOWNTIME ENTRY
A3: ENTRY RULE: one row = one fault event/grouped event. Record frequency as occurrences, affected fabric in yards, and downtime in minutes.
A4: Use Responsibility to distinguish Operator / Supervisor / Machine / Material / Process / Other. This sheet is separate from the daily KPI entry for easier use.
A5: Fault Log ID | B5: Date | C5: Actual Shift | D5: Loom No | E5: Operator ID | F5: Operator Name | G5: Fault Code | H5: Fault Category | I5: Fault Name | J5: Frequency | K5: Affected Yds | L5: Downtime Min | M5: Severity | N5: Responsibility | O5: Root Cause / Corrective Action
A6: 1 | F6: =IFERROR(INDEX('Operator Master'!$B$5:$B$504,MATCH(E6,'Operator Master'!$A$5:$A$504,0)),"") | H6: =IFERROR(INDEX('Fault Master'!$B$5:$B$104,MATCH(G6,'Fault Master'!$A$5:$A$104,0)),"") | I6: =IFERROR(INDEX('Fault Master'!$C$5:$C$104,MATCH(G6,'Fault Master'!$A$5:$A$104,0)),"") | M6: =IFERROR(INDEX('Fault Master'!$D$5:$D$104,MATCH(G6,'Fault Master'!$A$5:$A$104,0)),"")
A7: 2 | F7: =IFERROR(INDEX('Operator Master'!$B$5:$B$504,MATCH(E7,'Operator Master'!$A$5:$A$504,0)),"") | H7: =IFERROR(INDEX('Fault Master'!$B$5:$B$104,MATCH(G7,'Fault Master'!$A$5:$A$104,0)),"") | I7: =IFERROR(INDEX('Fault Master'!$C$5:$C$104,MATCH(G7,'Fault Master'!$A$5:$A$104,0)),"") | M7: =IFERROR(INDEX('Fault Master'!$D$5:$D$104,MATCH(G7,'Fault Master'!$A$5:$A$104,0)),"")
A8: 3 | F8: =IFERROR(INDEX('Operator Master'!$B$5:$B$504,MATCH(E8,'Operator Master'!$A$5:$A$504,0)),"") | H8: =IFERROR(INDEX('Fault Master'!$B$5:$B$104,MATCH(G8,'Fault Master'!$A$5:$A$104,0)),"") | I8: =IFERROR(INDEX('Fault Master'!$C$5:$C$104,MATCH(G8,'Fault Master'!$A$5:$A$104,0)),"") | M8: =IFERROR(INDEX('Fault Master'!$D$5:$D$104,MATCH(G8,'Fault Master'!$A$5:$A$104,0)),"")
A9: 4 | F9: =IFERROR(INDEX('Operator Master'!$B$5:$B$504,MATCH(E9,'Operator Master'!$A$5:$A$504,0)),"") | H9: =IFERROR(INDEX('Fault Master'!$B$5:$B$104,MATCH(G9,'Fault Master'!$A$5:$A$104,0)),"") | I9: =IFERROR(INDEX('Fault Master'!$C$5:$C$104,MATCH(G9,'Fault Master'!$A$5:$A$104,0)),"") | M9: =IFERROR(INDEX('Fault Master'!$D$5:$D$104,MATCH(G9,'Fault Master'!$A$5:$A$104,0)),"")
A10: 5 | F10: =IFERROR(INDEX('Operator Master'!$B$5:$B$504,MATCH(E10,'Operator Master'!$A$5:$A$504,0)),"") | H10: =IFERROR(INDEX('Fault Master'!$B$5:$B$104,MATCH(G10,'Fault Master'!$A$5:$A$104,0)),"") | I10: =IFERROR(INDEX('Fault Master'!$C$5:$C$104,MATCH(G10,'Fault Master'!$A$5:$A$104,0)),"") | M10: =IFERROR(INDEX('Fault Master'!$D$5:$D$104,MATCH(G10,'Fault Master'!$A$5:$A$104,0)),"")
A11: 6 | F11: =IFERROR(INDEX('Operator Master'!$B$5:$B$504,MATCH(E11,'Operator Master'!$A$5:$A$504,0)),"") | H11: =IFERROR(INDEX('Fault Master'!$B$5:$B$104,MATCH(G11,'Fault Master'!$A$5:$A$104,0)),"") | I11: =IFERROR(INDEX('Fault Master'!$C$5:$C$104,MATCH(G11,'Fault Master'!$A$5:$A$104,0)),"") | M11: =IFERROR(INDEX('Fault Master'!$D$5:$D$104,MATCH(G11,'Fault Master'!$A$5:$A$104,0)),"")
A12: 7 | F12: =IFERROR(INDEX('Operator Master'!$B$5:$B$504,MATCH(E12,'Operator Master'!$A$5:$A$504,0)),"") | H12: =IFERROR(INDEX('Fault Master'!$B$5:$B$104,MATCH(G12,'Fault Master'!$A$5:$A$104,0)),"") | I12: =IFERROR(INDEX('Fault Master'!$C$5:$C$104,MATCH(G12,'Fault Master'!$A$5:$A$104,0)),"") | M12: =IFERROR(INDEX('Fault Master'!$D$5:$D$104,MATCH(G12,'Fault Master'!$A$5:$A$104,0)),"")
A13: 8 | F13: =IFERROR(INDEX('Operator Master'!$B$5:$B$504,MATCH(E13,'Operator Master'!$A$5:$A$504,0)),"") | H13: =IFERROR(INDEX('Fault Master'!$B$5:$B$104,MATCH(G13,'Fault Master'!$A$5:$A$104,0)),"") | I13: =IFERROR(INDEX('Fault Master'!$C$5:$C$104,MATCH(G13,'Fault Master'!$A$5:$A$104,0)),"") | M13: =IFERROR(INDEX('Fault Master'!$D$5:$D$104,MATCH(G13,'Fault Master'!$A$5:$A$104,0)),"")
A14: 9 | F14: =IFERROR(INDEX('Operator Master'!$B$5:$B$504,MATCH(E14,'Operator Master'!$A$5:$A$504,0)),"") | H14: =IFERROR(INDEX('Fault Master'!$B$5:$B$104,MATCH(G14,'Fault Master'!$A$5:$A$104,0)),"") | I14: =IFERROR(INDEX('Fault Master'!$C$5:$C$104,MATCH(G14,'Fault Master'!$A$5:$A$104,0)),"") | M14: =IFERROR(INDEX('Fault Master'!$D$5:$D$104,MATCH(G14,'Fault Master'!$A$5:$A$104,0)),"")
A15: 10 | F15: =IFERROR(INDEX('Operator Master'!$B$5:$B$504,MATCH(E15,'Operator Master'!$A$5:$A$504,0)),"") | H15: =IFERROR(INDEX('Fault Master'!$B$5:$B$104,MATCH(G15,'Fault Master'!$A$5:$A$104,0)),"") | I15: =IFERROR(INDEX('Fault Master'!$C$5:$C$104,MATCH(G15,'Fault Master'!$A$5:$A$104,0)),"") | M15: =IFERROR(INDEX('Fault Master'!$D$5:$D$104,MATCH(G15,'Fault Master'!$A$5:$A$104,0)),"")
A16: 11 | F16: =IFERROR(INDEX('Operator Master'!$B$5:$B$504,MATCH(E16,'Operator Master'!$A$5:$A$504,0)),"") | H16: =IFERROR(INDEX('Fault Master'!$B$5:$B$104,MATCH(G16,'Fault Master'!$A$5:$A$104,0)),"") | I16: =IFERROR(INDEX('Fault Master'!$C$5:$C$104,MATCH(G16,'Fault Master'!$A$5:$A$104,0)),"") | M16: =IFERROR(INDEX('Fault Master'!$D$5:$D$104,MATCH(G16,'Fault Master'!$A$5:$A$104,0)),"")
A17: 12 | F17: =IFERROR(INDEX('Operator Master'!$B$5:$B$504,MATCH(E17,'Operator Master'!$A$5:$A$504,0)),"") | H17: =IFERROR(INDEX('Fault Master'!$B$5:$B$104,MATCH(G17,'Fault Master'!$A$5:$A$104,0)),"") | I17: =IFERROR(INDEX('Fault Master'!$C$5:$C$104,MATCH(G17,'Fault Master'!$A$5:$A$104,0)),"") | M17: =IFERROR(INDEX('Fault Master'!$D$5:$D$104,MATCH(G17,'Fault Master'!$A$5:$A$104,0)),"")
... A1005: 1000 | F1005: =IFERROR(INDEX('Operator Master'!$B$5:$B$504,MATCH(E1005,'Operator Master'!$A$5:$A$504,0)),"") | H1005: =IFERROR(INDEX('Fault Master'!$B$5:$B$104,MATCH(G1005,'Fault Master'!$A$5:$A$104,0)),"") | I1005: =IFERROR(INDEX('Fault Master'!$C$5:$C$104,MATCH(G1005,'Fault Master'!$A$5:$A$104,0)),"") | M1005: =IFERROR(INDEX('Fault Master'!$D$5:$D$104,MATCH(G1005,'Fault Master'!$A$5:$A$104,0)),"")

Sheet Operator Master
A1: STL FU — WEAVING | OPERATOR MASTER
A2: Permanent employee master. Shift is NOT stored here because operators rotate. Maintain the weekly plan in Shift Roster.
A4: Operator ID | B4: Operator Name | C4: Designation | D4: Department | E4: Joining Date | F4: Status | G4: Remarks
A5: STL005494 | B5: MD. MAHABUB ALAM | C5: Weaving Operator | D5: Weaving | F5: No
A6: STL005476 | B6: MD. RIPU MIAH | C6: Weaving Operator | D6: Weaving | F6: Yes
A7: STL005492 | B7: MD. MINHAZ ALI | C7: Weaving Operator | D7: Weaving | F7: Yes
A8: STL005502 | B8: MD. FORIDUL ISLAM | C8: Weaving Operator | D8: Weaving | F8: Yes
A9: STL005507 | B9: MD. SAIFUL ISLAM-2 | C9: Weaving Operator | D9: Weaving | F9: No
A10: STL005510 | B10: MD. ZIAUL HAQUE | C10: Weaving Operator | D10: Weaving | F10: Yes
A11: STL005466 | B11: MD. ANOWAR HOSEN-3 | C11: Weaving Operator | D11: Weaving | F11: No
A12: STL005489 | B12: MD. ALAM MIA | C12: Weaving Operator | D12: Weaving | F12: Yes
A13: STL005490 | B13: MD. MOMINUL ISLAM | C13: Weaving Operator | D13: Weaving | F13: Yes
A14: STL005487 | B14: MD. JAHIDUL ISLAM HOWLADER | C14: Weaving Operator | D14: Weaving | F14: Yes
A15: STL005511 | B15: MD. RIPON MIA-2 | C15: Weaving Operator | D15: Weaving | F15: Yes
A16: STL005516 | B16: GOULAM RABBANI | C16: Weaving Operator | D16: Weaving | F16: Yes
... A60: STL007425 | B60: MD. ALOM ISLAM | C60: Weaving Operator | D60: Weaving | F60: Yes
D61: Weaving | F61: Yes
D62: Weaving | F62: Yes
D63: Weaving | F63: Yes
D64: Weaving | F64: Yes
D65: Weaving | F65: Yes
D66: Weaving | F66: Yes
D67: Weaving | F67: Yes
D68: Weaving | F68: Yes
D69: Weaving | F69: Yes
D70: Weaving | F70: Yes
D71: Weaving | F71: Yes
D72: Weaving | F72: Yes
... D504: Weaving | F504: Yes

Sheet Shift Roster
A1: STL FU — WEAVING | WEEKLY SHIFT ROSTER
A2: Planned schedule only. Do not overwrite the roster when an actual shift changes; record the actual shift in Data Entry.
A4: Week Start | B4: Week End | C4: Operator ID | D4: Operator Name | E4: Planned Shift | F4: Supervisor | G4: Remarks
B5: =IF(A5="","",A5+6) | D5: =IFERROR(INDEX('Operator Master'!$B$5:$B$504,MATCH(C5,'Operator Master'!$A$5:$A$504,0)),"")
B6: =IF(A6="","",A6+6) | D6: =IFERROR(INDEX('Operator Master'!$B$5:$B$504,MATCH(C6,'Operator Master'!$A$5:$A$504,0)),"")
B7: =IF(A7="","",A7+6) | D7: =IFERROR(INDEX('Operator Master'!$B$5:$B$504,MATCH(C7,'Operator Master'!$A$5:$A$504,0)),"")
B8: =IF(A8="","",A8+6) | D8: =IFERROR(INDEX('Operator Master'!$B$5:$B$504,MATCH(C8,'Operator Master'!$A$5:$A$504,0)),"")
B9: =IF(A9="","",A9+6) | D9: =IFERROR(INDEX('Operator Master'!$B$5:$B$504,MATCH(C9,'Operator Master'!$A$5:$A$504,0)),"")
B10: =IF(A10="","",A10+6) | D10: =IFERROR(INDEX('Operator Master'!$B$5:$B$504,MATCH(C10,'Operator Master'!$A$5:$A$504,0)),"")
B11: =IF(A11="","",A11+6) | D11: =IFERROR(INDEX('Operator Master'!$B$5:$B$504,MATCH(C11,'Operator Master'!$A$5:$A$504,0)),"")
B12: =IF(A12="","",A12+6) | D12: =IFERROR(INDEX('Operator Master'!$B$5:$B$504,MATCH(C12,'Operator Master'!$A$5:$A$504,0)),"")
B13: =IF(A13="","",A13+6) | D13: =IFERROR(INDEX('Operator Master'!$B$5:$B$504,MATCH(C13,'Operator Master'!$A$5:$A$504,0)),"")
B14: =IF(A14="","",A14+6) | D14: =IFERROR(INDEX('Operator Master'!$B$5:$B$504,MATCH(C14,'Operator Master'!$A$5:$A$504,0)),"")
B15: =IF(A15="","",A15+6) | D15: =IFERROR(INDEX('Operator Master'!$B$5:$B$504,MATCH(C15,'Operator Master'!$A$5:$A$504,0)),"")
B16: =IF(A16="","",A16+6) | D16: =IFERROR(INDEX('Operator Master'!$B$5:$B$504,MATCH(C16,'Operator Master'!$A$5:$A$504,0)),"")
... B504: =IF(A504="","",A504+6) | D504: =IFERROR(INDEX('Operator Master'!$B$5:$B$504,MATCH(C504,'Operator Master'!$A$5:$A$504,0)),"")

Sheet Loom Master
A1: STL FU — WEAVING | LOOM MASTER
A2: Permanent loom database. Add or update loom specifications here; routine daily KPI entry is done in Data Entry.
A4: Loom No | B4: Machine Type | C4: RPM Standard | D4: Loom Width | E4: Shift Pattern | F4: Active | G4: Operator Assignment Notes | H4: Remarks
A5: Loom-A 1 | B5: AIRJET | C5: 800 | D5: 190 CM | F5: Yes
A6: Loom-A 2 | B6: AIRJET | C6: 800 | D6: 190 CM | F6: Yes
A7: Loom-A 3 | B7: AIRJET | C7: 800 | D7: 190 CM | F7: Yes
A8: Loom-A 4 | B8: AIRJET | C8: 800 | D8: 190 CM | F8: Yes
A9: Loom-A 5 | B9: AIRJET | C9: 800 | D9: 190 CM | F9: Yes
A10: Loom-A 6 | B10: AIRJET | C10: 800 | D10: 190 CM | F10: Yes
A11: Loom-A 7 | B11: AIRJET | C11: 800 | D11: 190 CM | F11: Yes
A12: Loom-B 1 | B12: AIRJET | C12: 800 | D12: 190 CM | F12: Yes
A13: Loom-B 2 | B13: AIRJET | C13: 800 | D13: 190 CM | F13: Yes
A14: Loom-B 3 | B14: AIRJET | C14: 800 | D14: 190 CM | F14: Yes
A15: Loom-B 4 | B15: AIRJET | C15: 800 | D15: 190 CM | F15: Yes
A16: Loom-B 5 | B16: AIRJET | C16: 800 | D16: 190 CM | F16: Yes
... A104: Loom-O 6 | B104: RAPIER | C104: 600 | D104: 220 CM | F104: Yes
A105: Loom-P 1 | B105: RAPIER | C105: 600 | D105: 220 CM
A106: Loom-P 2 | B106: RAPIER | C106: 600 | D106: 220 CM
A107: Loom-P 3 | B107: RAPIER | C107: 600 | D107: 220 CM
A108: Loom-P 4 | B108: RAPIER | C108: 600 | D108: 220 CM
A109: Loom-P 5 | B109: RAPIER | C109: 600 | D109: 220 CM
A110: Loom-P 6 | B110: RAPIER | C110: 600 | D110: 220 CM
A111: Loom-Q 1 | B111: RAPIER | C111: 600 | D111: 220 CM
A112: Loom-Q 2 | B112: RAPIER | C112: 600 | D112: 220 CM
A113: Loom-Q 3 | B113: RAPIER | C113: 600 | D113: 220 CM
A114: Loom-Q 4 | B114: RAPIER | C114: 600 | D114: 220 CM
A115: Loom-Q 5 | B115: RAPIER | C115: 600 | D115: 220 CM
A116: Loom-Q 6 | B116: RAPIER | C116: 600 | D116: 220 CM
... A144: Loom-V 6 | B144: RAPIER-DOBBY | C144: 600 | D144: 220 CM

Sheet Fault Master
A1: WEAVING | FAULT-WISE MASTER
A2: Controlled fault vocabulary used by the Data Entry form and detailed fault log.
A4: Fault Code | B4: Fault Category | C4: Fault Name | D4: Severity | E4: Operator Responsibility | F4: Target / 1000 yd | G4: Standard Action
A5: WARP-01 | B5: Warp | C5: Warp Break | D5: Medium | E5: Yes | F5: 2 | G5: Check tension/yarn path
A6: WEFT-01 | B6: Weft | C6: Weft Break | D6: Medium | E6: Yes | F6: 3 | G6: Check weft package/tension
A7: WEFT-02 | B7: Weft | C7: Missing Pick | D7: High | E7: Yes | F7: 0.5 | G7: Check detector/timing
A8: FAB-01 | B8: Fabric | C8: Thick Place | D8: Medium | E8: Partial | F8: 0.5 | G8: Check setting/yarn
A9: FAB-02 | B9: Fabric | C9: Thin Place | D9: Medium | E9: Partial | F9: 0.5 | G9: Check setting/yarn
A10: FAB-03 | B10: Fabric | C10: Slub / Foreign Matter | D10: Medium | E10: Partial | F10: 0.5 | G10: Check yarn/handling
A11: FAB-04 | B11: Fabric | C11: Hole / Tear | D11: High | E11: Partial | F11: 0.2 | G11: Check loom/temple/reed
A12: EDGE-01 | B12: Edge | C12: Loose Edge | D12: Medium | E12: Yes | F12: 0.5 | G12: Check temple/tension
A13: MARK-01 | B13: Mark | C13: Starting / Stop Mark | D13: Medium | E13: Yes | F13: 0.5 | G13: Improve restart procedure
A14: MARK-02 | B14: Mark | C14: Reed Mark | D14: High | E14: Partial | F14: 0.2 | G14: Inspect reed/dent
A15: OIL-01 | B15: Stain | C15: Oil / Grease Stain | D15: High | E15: Partial | F15: 0.2 | G15: Check leakage/cleanliness
A16: DENS-01 | B16: Construction | C16: Pick Density Variation | D16: High | E16: Partial | F16: 0.5 | G16: Check speed/take-up
A17: OTHER | B17: Other | C17: Other Fault | D17: Low | E17: Review | F17: 1 | G17: Record root cause

Sheet Legacy Backup
A1: STL FU — WEAVING | EASY DAILY DATA ENTRY
A2: Routine users should work mainly on this sheet. Enter white cells only; blue/gray cells are dropdowns or automatic calculations. Shift is retained as planned vs actual.
A3: KPI ENTRY: one row = one operator + one date + one actual shift. If the actual shift differs from the roster, keep the roster unchanged and select Changed/Temporary + reason here.
A5: Record No | B5: Date | C5: Planned Shift | D5: Actual Shift | E5: Shift Status | F5: Shift Change Reason | G5: Operator ID | H5: Operator Name | I5: Supervisor | J5: No. of Looms | K5: Loom Nos. | L5: AVG RPM | M5: Avg PPI | N5: Production Target (yd) | O5: Production Actual (yd) | P5: Running Hr Target | Q5: Total Running Hr Target | R5: Running Hr Actual | S5: Rejection Yds | T5: Warp Break | U5: Weft Break | V5: Missing Pick | W5: Stop Mark | X5: Start Mark | Y5: L. End | Z5: Y. Mix | AA5: Other Fault | AB5: Housekeeping % | AC5: Attendance / Discipline % | AD5: SOP / Safety % | AE5: Supervisor Remarks | AF5: Operator Comments | AG5: Verified
A6: 1 | B6: 46288 | C6: A | D6: A | E6: Normal | G6: STL005494 | H6: =IFERROR(INDEX('Operator Master'!$B$5:$B$504,MATCH(G6,'Operator Master'!$A$5:$A$504,0)),"") -> MD. MAHABUB ALAM | J6: 8 | K6: O4,O5,O6,P4,P5,Q4,Q5,Q6 | L6: 531.25 | M6: 42 | N6: 1500 | O6: 1130 | P6: 8 | Q6: =P6*J6 -> 64 | R6: 61 | S6: 32 | T6: 3 | U6: 5 | V6: 3 | W6: 5 | X6: 3 | Y6: 0 | Z6: 0 | AB6: 80 | AC6: 100 | AD6: 90 | AG6: ok
A7: 2 | B7: 46288 | C7: B | D7: A | E7: Replace | F7: Manpower shortage | G7: STL005476 | H7: =IFERROR(INDEX('Operator Master'!$B$5:$B$504,MATCH(G7,'Operator Master'!$A$5:$A$504,0)),"") -> MD. RIPU MIAH | J7: 9 | K7: G6,G7,H5,H6,H7,I6,I7,J6,J7 | L7: 569.44444 | M7: 43.11 | N7: 1800 | O7: 1127 | P7: 8 | Q7: =P7*J7 -> 72 | R7: 68 | S7: 17 | T7: 6 | U7: 4 | V7: 7 | W7: 3 | X7: 6 | Y7: 1 | Z7: 0 | AB7: 90 | AC7: 95 | AD7: 100 | AG7: ok
A8: 3 | B8: 46288 | C8: A | D8: A | E8: Normal | G8: STL005492 | H8: =IFERROR(INDEX('Operator Master'!$B$5:$B$504,MATCH(G8,'Operator Master'!$A$5:$A$504,0)),"") -> MD. MINHAZ ALI | J8: 10 | K8: K1,K2,K3,K4,K5,L1,L2,L3,L4,L5 | L8: 537.5 | M8: 41.6 | N8: 1900 | O8: 1602 | P8: 8 | Q8: =P8*J8 -> 80 | R8: 79 | S8: 20 | T8: 4 | U8: 4 | V8: 1 | W8: 3 | X8: 2 | Y8: 0 | Z8: 0 | AB8: 95 | AC8: 100 | AD8: 100 | AG8: ok
A9: 4 | B9: 46288 | C9: A | D9: A | E9: Normal | G9: STL005502 | H9: =IFERROR(INDEX('Operator Master'!$B$5:$B$504,MATCH(G9,'Operator Master'!$A$5:$A$504,0)),"") -> MD. FORIDUL ISLAM | J9: 9 | K9: G1,G2,G3,G4,G5,H1,H2,H3,H4 | L9: 519.44444 | M9: 44.78 | N9: 1500 | O9: 781 | P9: 8 | Q9: =P9*J9 -> 72 | R9: 60 | S9: 16 | T9: 2 | U9: 5 | V9: 3 | W9: 6 | X9: 2 | Y9: 3 | Z9: 0 | AB9: 90 | AC9: 100 | AD9: 100 | AG9: ok
A10: 5 | B10: 46288 | G10: STL005507 | H10: =IFERROR(INDEX('Operator Master'!$B$5:$B$504,MATCH(G10,'Operator Master'!$A$5:$A$504,0)),"") -> MD. SAIFUL ISLAM-2 | J10: 10 | K10: I1,I2,I3,I4,I5,J1,J2,J3,J4,J5 | L10: 582.5 | M10: 43.7 | N10: 1900 | O10: 1170 | P10: 8 | Q10: =P10*J10 -> 80 | R10: 78 | S10: 12 | T10: 5 | U10: 3 | V10: 4 | W10: 1 | X10: 5 | Y10: 1 | Z10: 1 | AB10: 95 | AC10: 100 | AD10: 95 | AG10: ok
A11: 6 | B11: 46288 | G11: STL005510 | H11: =IFERROR(INDEX('Operator Master'!$B$5:$B$504,MATCH(G11,'Operator Master'!$A$5:$A$504,0)),"") -> MD. ZIAUL HAQUE | J11: 9 | K11: R3,R4,R5,R6,S4,S5,T4,T5,T6 | L11: 558.33333 | M11: 41.22 | N11: 1800 | O11: 1598 | P11: 8 | Q11: =P11*J11 -> 72 | R11: 68
A12: 7 | B12: 46288 | G12: STL005466 | H12: =IFERROR(INDEX('Operator Master'!$B$5:$B$504,MATCH(G12,'Operator Master'!$A$5:$A$504,0)),"") -> MD. ANOWAR HOSEN-3 | J12: 9 | K12: U2,U4,U5,U6,V2,V3,V4,V5,V6 | L12: 505.55556 | M12: 44.78 | N12: 1600 | O12: 1156 | P12: 8 | Q12: =P12*J12 -> 72
A13: 8 | B13: 46288 | G13: STL005489 | H13: =IFERROR(INDEX('Operator Master'!$B$5:$B$504,MATCH(G13,'Operator Master'!$A$5:$A$504,0)),"") -> MD. ALAM MIA | J13: 9 | K13: C1,C2,D1,D2,D3,E1,E2,F1,F2 | L13: 555.55556 | M13: =377/9 -> 41.888889 | N13: 1750 | O13: 1255 | P13: 8 | Q13: =P13*J13 -> 72
A14: 9 | B14: 46288 | G14: STL005490 | H14: =IFERROR(INDEX('Operator Master'!$B$5:$B$504,MATCH(G14,'Operator Master'!$A$5:$A$504,0)),"") -> MD. MOMINUL ISLAM | J14: 5 | K14: Q1,Q2,S1,S2,S3 | L14: 545 | M14: 41.8 | N14: 1100 | O14: 876 | P14: 8 | Q14: =P14*J14 -> 40
A15: 10 | B15: 46288 | G15: STL005487 | H15: =IFERROR(INDEX('Operator Master'!$B$5:$B$504,MATCH(G15,'Operator Master'!$A$5:$A$504,0)),"") -> MD. JAHIDUL ISLAM HOWLADER | J15: 9 | K15: C3,C4,C5,C6,C7,D4,D5,D6,D7 | L15: 555.55556 | M15: 43.78 | N15: 1700 | O15: 1187 | P15: 8 | Q15: =P15*J15 -> 72
A16: 11 | B16: 46288 | G16: STL005511 | H16: =IFERROR(INDEX('Operator Master'!$B$5:$B$504,MATCH(G16,'Operator Master'!$A$5:$A$504,0)),"") -> MD. RIPON MIA-2 | J16: 10 | K16: K6,L6,M3,M4,M5,M6,N3,N4,N5,N6 | L16: 530 | M16: 44.7 | N16: 1800 | O16: 1265 | P16: 8 | Q16: =P16*J16 -> 80
A17: 12 | B17: 46288 | G17: STL005516 | H17: =IFERROR(INDEX('Operator Master'!$B$5:$B$504,MATCH(G17,'Operator Master'!$A$5:$A$504,0)),"") -> GOULAM RABBANI | J17: 10 | K17: E3,E4,E5,E6,E7,F3,F4,F5,F6,F7 | L17: 555 | M17: 41.9 | N17: 1700 | O17: 1292 | P17: 8 | Q17: =P17*J17 -> 80
A18: 13 | B18: 46288 | G18: STL005513 | H18: =IFERROR(INDEX('Operator Master'!$B$5:$B$504,MATCH(G18,'Operator Master'!$A$5:$A$504,0)),"") -> MD. HABIBUR RAHMAN | J18: 9 | K18: M1,M2,N1,P1,P2,P3,O1,O2,O3 | L18: 541.66667 | M18: 42.44 | N18: 1700 | O18: 1168 | P18: 8 | Q18: =P18*J18 -> 72
A19: 14 | B19: 46288 | G19: STL005520 | H19: =IFERROR(INDEX('Operator Master'!$B$5:$B$504,MATCH(G19,'Operator Master'!$A$5:$A$504,0)),"") -> MD. SAIFUL ISLAM-3 | J19: 9 | K19: I1,I2,I3,I4,J1,J2,J3,J4,J5 | L19: 525 | M19: 39.22 | N19: 1600 | P19: 8 | Q19: =P19*J19 -> 72
A20: 15 | B20: 46288 | G20: STL005488 | H20: =IFERROR(INDEX('Operator Master'!$B$5:$B$504,MATCH(G20,'Operator Master'!$A$5:$A$504,0)),"") -> MD. JAKIR HOSEN | J20: 10 | K20: K1,K2,K3,K4,K5,L1,L2,L3,L4,L5 | L20: 537.5 | M20: 41.6 | N20: 1800 | P20: 8 | Q20: =P20*J20 -> 80
A21: 16 | B21: 46288 | G21: STL005916 | H21: =IFERROR(INDEX('Operator Master'!$B$5:$B$504,MATCH(G21,'Operator Master'!$A$5:$A$504,0)),"") -> AZIZUL HAQUE | J21: 8 | K21: C1,C2,D1,D2,E1,E2,F1,F2 | L21: 559.375 | M21: 41.75 | N21: 1500 | P21: 8 | Q21: =P21*J21 -> 64
A22: 17 | B22: 46288 | G22: STL007346 | H22: =IFERROR(INDEX('Operator Master'!$B$5:$B$504,MATCH(G22,'Operator Master'!$A$5:$A$504,0)),"") -> MD. ANARUL ISLAM | J22: 8 | K22: S2,S3,S4,S5,T2,T4,T5,T6 | L22: 553.125 | M22: 41.25 | N22: 1600 | P22: 8 | Q22: =P22*J22 -> 64
A23: 18 | B23: 46288 | G23: STL007421 | H23: =IFERROR(INDEX('Operator Master'!$B$5:$B$504,MATCH(G23,'Operator Master'!$A$5:$A$504,0)),"") -> MD. ROSHID | J23: 9 | K23: K6,L6,M3,M4,M5,M6,N3,N5,N6 | L23: 533.33333 | M23: 44.67 | N23: 1600 | P23: 8 | Q23: =P23*J23 -> 72
A24: 19 | B24: 46288 | G24: STL007504 | H24: =IFERROR(INDEX('Operator Master'!$B$5:$B$504,MATCH(G24,'Operator Master'!$A$5:$A$504,0)),"") -> MD. AZIM | J24: 10 | K24: C3,C4,C5,C6,C7,D3,D4,D5,D6,D7 | L24: 552.5 | M24: 43.4 | N24: 1800 | P24: 8 | Q24: =P24*J24 -> 80
A25: 20 | B25: 46288 | G25: STL005458 | H25: =IFERROR(INDEX('Operator Master'!$B$5:$B$504,MATCH(G25,'Operator Master'!$A$5:$A$504,0)),"") -> MD. MOTALEB HOSEN | J25: 10 | K25: G1,G2,G3,G4,G5,H1,H2,H3,H4,H5 | L25: 527.5 | M25: 44.8 | N25: 1600 | P25: 8 | Q25: =P25*J25 -> 80
A26: 21 | B26: 46288 | G26: STL005473 | H26: =IFERROR(INDEX('Operator Master'!$B$5:$B$504,MATCH(G26,'Operator Master'!$A$5:$A$504,0)),"") -> MD. KAWSAR ALI | J26: 10 | K26: E3,E4,E5,E6,E7,F3,F4,F5,F6,F7 | L26: 555 | M26: 41.8 | N26: 1900 | P26: 8 | Q26: =P26*J26 -> 80
A27: 22 | B27: 46288 | G27: STL005474 | H27: =IFERROR(INDEX('Operator Master'!$B$5:$B$504,MATCH(G27,'Operator Master'!$A$5:$A$504,0)),"") -> MD. FARMAN ALI | J27: 9 | K27: G6,G7,H6,H7,I5,I6,I7,J6,J7 | L27: 569.44444 | M27: 42.22 | N27: 1700 | P27: 8 | Q27: =P27*J27 -> 72
A28: 23 | B28: 46288 | G28: STL005478 | H28: =IFERROR(INDEX('Operator Master'!$B$5:$B$504,MATCH(G28,'Operator Master'!$A$5:$A$504,0)),"") -> MD. JULHAS UDDIN | J28: 9 | K28: U2,U3,U5,U6,V2,V3,V4,V5,V6 | L28: 505.55556 | M28: 44.81 | N28: 1500 | P28: 8 | Q28: =P28*J28 -> 72
A29: 24 | B29: 46288 | G29: STL005493 | H29: =IFERROR(INDEX('Operator Master'!$B$5:$B$504,MATCH(G29,'Operator Master'!$A$5:$A$504,0)),"") -> MD. ABDUL AWAL | J29: 7 | K29: Q1,Q2,Q4,R1,R3,R4,S1 | L29: 539.28571 | M29: 40.43 | N29: 1400 | P29: 8 | Q29: =P29*J29 -> 56
A30: 25 | B30: 46288 | G30: STL005469 | H30: =IFERROR(INDEX('Operator Master'!$B$5:$B$504,MATCH(G30,'Operator Master'!$A$5:$A$504,0)),"") -> MD. DULU MIA | J30: 8 | K30: M1,M2,N1,O2,O3,P1,P2,P3 | L30: 540.625 | M30: 42.63 | N30: 1500 | P30: 8 | Q30: =P30*J30 -> 64
A31: 26 | B31: 46288 | G31: STL005464 | H31: =IFERROR(INDEX('Operator Master'!$B$5:$B$504,MATCH(G31,'Operator Master'!$A$5:$A$504,0)),"") -> SREE SUSANTO CHANDRA | J31: 8 | K31: O5,O6,P4,P5,Q5,Q6,R5,R6 | L31: 543.75 | M31: 42.5 | N31: 1500 | P31: 8 | Q31: =P31*J31 -> 64
A32: 27 | B32: 46288 | G32: STL005471 | H32: =IFERROR(INDEX('Operator Master'!$B$5:$B$504,MATCH(G32,'Operator Master'!$A$5:$A$504,0)),"") -> MD. ASHRAFUL ISLAM | L32: 545 | M32: 41.8 | P32: 8 | Q32: =P32*J32 -> 0
A33: 28 | B33: 46288 | G33: STL005525 | H33: =IFERROR(INDEX('Operator Master'!$B$5:$B$504,MATCH(G33,'Operator Master'!$A$5:$A$504,0)),"") -> MD. ASRAF AKANDA | L33: 555.55556 | M33: 43.78 | P33: 8 | Q33: =P33*J33 -> 0
A34: 29 | B34: 46288 | G34: STL005503 | H34: =IFERROR(INDEX('Operator Master'!$B$5:$B$504,MATCH(G34,'Operator Master'!$A$5:$A$504,0)),"") -> MD. JIHADUZZAMAN (JIAD) | L34: 530 | M34: 44.7 | P34: 8 | Q34: =P34*J34 -> 0
A35: 30 | B35: 46288 | G35: STL005519 | H35: =IFERROR(INDEX('Operator Master'!$B$5:$B$504,MATCH(G35,'Operator Master'!$A$5:$A$504,0)),"") -> MD. MOZNU SHEKH | L35: 555 | M35: 41.9 | P35: 8 | Q35: =P35*J35 -> 0
A36: 31 | B36: 46288 | G36: STL005500 | H36: =IFERROR(INDEX('Operator Master'!$B$5:$B$504,MATCH(G36,'Operator Master'!$A$5:$A$504,0)),"") -> MD. AMINUR ISLAM | L36: 541.66667 | M36: 42.44 | P36: 8 | Q36: =P36*J36 -> 0
A37: 32 | B37: 46288 | G37: STL006681 | H37: =IFERROR(INDEX('Operator Master'!$B$5:$B$504,MATCH(G37,'Operator Master'!$A$5:$A$504,0)),"") -> MD. BABUL MIAH | L37: 525 | M37: 39.22 | P37: 8 | Q37: =P37*J37 -> 0
A38: 33 | B38: 46288 | G38: STL006736 | H38: =IFERROR(INDEX('Operator Master'!$B$5:$B$504,MATCH(G38,'Operator Master'!$A$5:$A$504,0)),"") -> MD. ROFIKUL ISLAM | L38: 537.5 | M38: 41.6 | P38: 8 | Q38: =P38*J38 -> 0
A39: 34 | B39: 46288 | G39: STL007340 | H39: =IFERROR(INDEX('Operator Master'!$B$5:$B$504,MATCH(G39,'Operator Master'!$A$5:$A$504,0)),"") -> MD. AMINUL ISLAM-2 | L39: 559.375 | M39: 41.75 | P39: 8 | Q39: =P39*J39 -> 0
A40: 35 | B40: 46288 | G40: STL007341 | H40: =IFERROR(INDEX('Operator Master'!$B$5:$B$504,MATCH(G40,'Operator Master'!$A$5:$A$504,0)),"") -> MD. JONY ALOM | L40: 553.125 | M40: 41.25 | P40: 8 | Q40: =P40*J40 -> 0
A41: 36 | B41: 46288 | G41: STL007502 | H41: =IFERROR(INDEX('Operator Master'!$B$5:$B$504,MATCH(G41,'Operator Master'!$A$5:$A$504,0)),"") -> MD. HELIM ISLAM | L41: 533.33333 | M41: 44.67 | P41: 8 | Q41: =P41*J41 -> 0
A42: 37 | B42: 46288 | G42: STL007503 | H42: =IFERROR(INDEX('Operator Master'!$B$5:$B$504,MATCH(G42,'Operator Master'!$A$5:$A$504,0)),"") -> MD. JIHAD MOLLA | L42: 552.5 | M42: 43.4 | P42: 8 | Q42: =P42*J42 -> 0
A43: 38 | B43: 46288 | G43: STL005456 | H43: =IFERROR(INDEX('Operator Master'!$B$5:$B$504,MATCH(G43,'Operator Master'!$A$5:$A$504,0)),"") -> MD. ABDUL KADIR | L43: 527.5 | M43: 44.8 | P43: 8 | Q43: =P43*J43 -> 0
... A49: 44 | B49: 46288 | G49: STL005479 | H49: =IFERROR(INDEX('Operator Master'!$B$5:$B$504,MATCH(G49,'Operator Master'!$A$5:$A$504,0)),"") -> MD. SAIFUL ISLAM | L49: 543.75 | M49: 42.5 | P49: 8 | Q49: =P49*J49 -> 0
A50: 45 | B50: 46288 | G50: STL005508 | H50: =IFERROR(INDEX('Operator Master'!$B$5:$B$504,MATCH(G50,'Operator Master'!$A$5:$A$504,0)),"") -> MD. NAJMUL ISLAM | P50: 8 | Q50: =P50*J50 -> 0
A51: 46 | B51: 46288 | G51: STL005459 | H51: =IFERROR(INDEX('Operator Master'!$B$5:$B$504,MATCH(G51,'Operator Master'!$A$5:$A$504,0)),"") -> MD. ANOWAR HOSEN-1 | P51: 8 | Q51: =P51*J51 -> 0
A52: 47 | B52: 46288 | G52: STL005462 | H52: =IFERROR(INDEX('Operator Master'!$B$5:$B$504,MATCH(G52,'Operator Master'!$A$5:$A$504,0)),"") -> MD. JAHANGIR | P52: 8 | Q52: =P52*J52 -> 0
A53: 48 | B53: 46288 | G53: STL005463 | H53: =IFERROR(INDEX('Operator Master'!$B$5:$B$504,MATCH(G53,'Operator Master'!$A$5:$A$504,0)),"") -> MD. FAZLUL HAQUE | P53: 8 | Q53: =P53*J53 -> 0
A54: 49 | B54: 46288 | G54: STL005512 | H54: =IFERROR(INDEX('Operator Master'!$B$5:$B$504,MATCH(G54,'Operator Master'!$A$5:$A$504,0)),"") -> MD. AMJAD ALI | P54: 8 | Q54: =P54*J54 -> 0
A55: 50 | B55: 46288 | G55: STL005522 | H55: =IFERROR(INDEX('Operator Master'!$B$5:$B$504,MATCH(G55,'Operator Master'!$A$5:$A$504,0)),"") -> MD. MAKHON | P55: 8 | Q55: =P55*J55 -> 0
A56: 51 | B56: 46288 | G56: STL006398 | H56: =IFERROR(INDEX('Operator Master'!$B$5:$B$504,MATCH(G56,'Operator Master'!$A$5:$A$504,0)),"") -> MD. BELAYET HOSSAIN | P56: 8 | Q56: =P56*J56 -> 0
A57: 52 | B57: 46288 | G57: STL006677 | H57: =IFERROR(INDEX('Operator Master'!$B$5:$B$504,MATCH(G57,'Operator Master'!$A$5:$A$504,0)),"") -> MD. SELIM HOSSEN | P57: 8 | Q57: =P57*J57 -> 0
A58: 53 | B58: 46288 | G58: STL006737 | H58: =IFERROR(INDEX('Operator Master'!$B$5:$B$504,MATCH(G58,'Operator Master'!$A$5:$A$504,0)),"") -> MD. MARUF | P58: 8 | Q58: =P58*J58 -> 0
A59: 54 | B59: 46288 | G59: STL007293 | H59: =IFERROR(INDEX('Operator Master'!$B$5:$B$504,MATCH(G59,'Operator Master'!$A$5:$A$504,0)),"") -> MD. ISMAHIL | P59: 8 | Q59: =P59*J59 -> 0
A60: 55 | B60: 46288 | G60: STL007292 | H60: =IFERROR(INDEX('Operator Master'!$B$5:$B$504,MATCH(G60,'Operator Master'!$A$5:$A$504,0)),"") -> MD. KHABIR MOLLA | P60: 8 | Q60: =P60*J60 -> 0
A61: 56 | B61: 46288 | G61: STL007425 | H61: =IFERROR(INDEX('Operator Master'!$B$5:$B$504,MATCH(G61,'Operator Master'!$A$5:$A$504,0)),"") -> MD. ALOM ISLAM | P61: 8 | Q61: =P61*J61 -> 0
A62: 57 | H62: =IFERROR(INDEX('Operator Master'!$B$5:$B$504,MATCH(G62,'Operator Master'!$A$5:$A$504,0)),"") | P62: 8 | Q62: =P62*J62 -> 0
A63: 58 | H63: =IFERROR(INDEX('Operator Master'!$B$5:$B$504,MATCH(G63,'Operator Master'!$A$5:$A$504,0)),"") | P63: 8 | Q63: =P63*J63 -> 0
A64: 59 | H64: =IFERROR(INDEX('Operator Master'!$B$5:$B$504,MATCH(G64,'Operator Master'!$A$5:$A$504,0)),"") | P64: 8 | Q64: =P64*J64 -> 0
A65: 60 | H65: =IFERROR(INDEX('Operator Master'!$B$5:$B$504,MATCH(G65,'Operator Master'!$A$5:$A$504,0)),"") | P65: 8 | Q65: =P65*J65 -> 0
A66: 61 | H66: =IFERROR(INDEX('Operator Master'!$B$5:$B$504,MATCH(G66,'Operator Master'!$A$5:$A$504,0)),"") | P66: 8 | Q66: =P66*J66 -> 0
A67: 62 | H67: =IFERROR(INDEX('Operator Master'!$B$5:$B$504,MATCH(G67,'Operator Master'!$A$5:$A$504,0)),"") | P67: 8 | Q67: =P67*J67 -> 0
A68: 63 | H68: =IFERROR(INDEX('Operator Master'!$B$5:$B$504,MATCH(G68,'Operator Master'!$A$5:$A$504,0)),"") | P68: 8 | Q68: =P68*J68 -> 0
A69: 64 | H69: =IFERROR(INDEX('Operator Master'!$B$5:$B$504,MATCH(G69,'Operator Master'!$A$5:$A$504,0)),"") | P69: 8 | Q69: =P69*J69 -> 0
A70: 65 | H70: =IFERROR(INDEX('Operator Master'!$B$5:$B$504,MATCH(G70,'Operator Master'!$A$5:$A$504,0)),"") | P70: 8 | Q70: =P70*J70 -> 0
A71: 66 | H71: =IFERROR(INDEX('Operator Master'!$B$5:$B$504,MATCH(G71,'Operator Master'!$A$5:$A$504,0)),"") | P71: 8 | Q71: =P71*J71 -> 0
A72: 67 | H72: =IFERROR(INDEX('Operator Master'!$B$5:$B$504,MATCH(G72,'Operator Master'!$A$5:$A$504,0)),"") | P72: 8 | Q72: =P72*J72 -> 0
A73: 68 | H73: =IFERROR(INDEX('Operator Master'!$B$5:$B$504,MATCH(G73,'Operator Master'!$A$5:$A$504,0)),"") | P73: 8 | Q73: =P73*J73 -> 0
... A505: 500 | H505: =IFERROR(INDEX('Operator Master'!$B$5:$B$504,MATCH(G505,'Operator Master'!$A$5:$A$504,0)),"") | P505: 8 | Q505: =P505*J505 -> 0
A510: FAULT / DOWNTIME ENTRY — one row = one fault event or grouped event
A511: Fault Record No | B511: Date | C511: Actual Shift | D511: Loom No | E511: Operator ID | F511: Operator Name | G511: Fault Code | H511: Fault Category | I511: Fault Name | J511: Frequency | K511: Affected Yds | L511: Downtime Min | M511: Severity | N511: Responsibility | O511: Root Cause / Corrective Action
A512: 1 | E512: STL005494 | F512: =IFERROR(INDEX('Operator Master'!$B$5:$B$504,MATCH(E512,'Operator Master'!$A$5:$A$504,0)),"") -> MD. MAHABUB ALAM | H512: =IFERROR(INDEX('Fault Master'!$B$5:$B$104,MATCH(G512,'Fault Master'!$A$5:$A$104,0)),"") | I512: =IFERROR(INDEX('Fault Master'!$C$5:$C$104,MATCH(G512,'Fault Master'!$A$5:$A$104,0)),"")
A513: 2 | F513: =IFERROR(INDEX('Operator Master'!$B$5:$B$504,MATCH(E513,'Operator Master'!$A$5:$A$504,0)),"") | H513: =IFERROR(INDEX('Fault Master'!$B$5:$B$104,MATCH(G513,'Fault Master'!$A$5:$A$104,0)),"") | I513: =IFERROR(INDEX('Fault Master'!$C$5:$C$104,MATCH(G513,'Fault Master'!$A$5:$A$104,0)),"")
A514: 3 | F514: =IFERROR(INDEX('Operator Master'!$B$5:$B$504,MATCH(E514,'Operator Master'!$A$5:$A$504,0)),"") | H514: =IFERROR(INDEX('Fault Master'!$B$5:$B$104,MATCH(G514,'Fault Master'!$A$5:$A$104,0)),"") | I514: =IFERROR(INDEX('Fault Master'!$C$5:$C$104,MATCH(G514,'Fault Master'!$A$5:$A$104,0)),"")
A515: 4 | F515: =IFERROR(INDEX('Operator Master'!$B$5:$B$504,MATCH(E515,'Operator Master'!$A$5:$A$504,0)),"") | H515: =IFERROR(INDEX('Fault Master'!$B$5:$B$104,MATCH(G515,'Fault Master'!$A$5:$A$104,0)),"") | I515: =IFERROR(INDEX('Fault Master'!$C$5:$C$104,MATCH(G515,'Fault Master'!$A$5:$A$104,0)),"")
A516: 5 | F516: =IFERROR(INDEX('Operator Master'!$B$5:$B$504,MATCH(E516,'Operator Master'!$A$5:$A$504,0)),"") | H516: =IFERROR(INDEX('Fault Master'!$B$5:$B$104,MATCH(G516,'Fault Master'!$A$5:$A$104,0)),"") | I516: =IFERROR(INDEX('Fault Master'!$C$5:$C$104,MATCH(G516,'Fault Master'!$A$5:$A$104,0)),"")
A517: 6 | F517: =IFERROR(INDEX('Operator Master'!$B$5:$B$504,MATCH(E517,'Operator Master'!$A$5:$A$504,0)),"") | H517: =IFERROR(INDEX('Fault Master'!$B$5:$B$104,MATCH(G517,'Fault Master'!$A$5:$A$104,0)),"") | I517: =IFERROR(INDEX('Fault Master'!$C$5:$C$104,MATCH(G517,'Fault Master'!$A$5:$A$104,0)),"")
A518: 7 | F518: =IFERROR(INDEX('Operator Master'!$B$5:$B$504,MATCH(E518,'Operator Master'!$A$5:$A$504,0)),"") | H518: =IFERROR(INDEX('Fault Master'!$B$5:$B$104,MATCH(G518,'Fault Master'!$A$5:$A$104,0)),"") | I518: =IFERROR(INDEX('Fault Master'!$C$5:$C$104,MATCH(G518,'Fault Master'!$A$5:$A$104,0)),"")
A519: 8 | F519: =IFERROR(INDEX('Operator Master'!$B$5:$B$504,MATCH(E519,'Operator Master'!$A$5:$A$504,0)),"") | H519: =IFERROR(INDEX('Fault Master'!$B$5:$B$104,MATCH(G519,'Fault Master'!$A$5:$A$104,0)),"") | I519: =IFERROR(INDEX('Fault Master'!$C$5:$C$104,MATCH(G519,'Fault Master'!$A$5:$A$104,0)),"")
A520: 9 | F520: =IFERROR(INDEX('Operator Master'!$B$5:$B$504,MATCH(E520,'Operator Master'!$A$5:$A$504,0)),"") | H520: =IFERROR(INDEX('Fault Master'!$B$5:$B$104,MATCH(G520,'Fault Master'!$A$5:$A$104,0)),"") | I520: =IFERROR(INDEX('Fault Master'!$C$5:$C$104,MATCH(G520,'Fault Master'!$A$5:$A$104,0)),"")
A521: 10 | F521: =IFERROR(INDEX('Operator Master'!$B$5:$B$504,MATCH(E521,'Operator Master'!$A$5:$A$504,0)),"") | H521: =IFERROR(INDEX('Fault Master'!$B$5:$B$104,MATCH(G521,'Fault Master'!$A$5:$A$104,0)),"") | I521: =IFERROR(INDEX('Fault Master'!$C$5:$C$104,MATCH(G521,'Fault Master'!$A$5:$A$104,0)),"")
A522: 11 | F522: =IFERROR(INDEX('Operator Master'!$B$5:$B$504,MATCH(E522,'Operator Master'!$A$5:$A$504,0)),"") | H522: =IFERROR(INDEX('Fault Master'!$B$5:$B$104,MATCH(G522,'Fault Master'!$A$5:$A$104,0)),"") | I522: =IFERROR(INDEX('Fault Master'!$C$5:$C$104,MATCH(G522,'Fault Master'!$A$5:$A$104,0)),"")
A523: 12 | F523: =IFERROR(INDEX('Operator Master'!$B$5:$B$504,MATCH(E523,'Operator Master'!$A$5:$A$504,0)),"") | H523: =IFERROR(INDEX('Fault Master'!$B$5:$B$104,MATCH(G523,'Fault Master'!$A$5:$A$104,0)),"") | I523: =IFERROR(INDEX('Fault Master'!$C$5:$C$104,MATCH(G523,'Fault Master'!$A$5:$A$104,0)),"")
A524: 13 | F524: =IFERROR(INDEX('Operator Master'!$B$5:$B$504,MATCH(E524,'Operator Master'!$A$5:$A$504,0)),"") | H524: =IFERROR(INDEX('Fault Master'!$B$5:$B$104,MATCH(G524,'Fault Master'!$A$5:$A$104,0)),"") | I524: =IFERROR(INDEX('Fault Master'!$C$5:$C$104,MATCH(G524,'Fault Master'!$A$5:$A$104,0)),"")
... A1004: 493 | F1004: =IFERROR(INDEX('Operator Master'!$B$5:$B$504,MATCH(E1004,'Operator Master'!$A$5:$A$504,0)),"") | H1004: =IFERROR(INDEX('Fault Master'!$B$5:$B$104,MATCH(G1004,'Fault Master'!$A$5:$A$104,0)),"") | I1004: =IFERROR(INDEX('Fault Master'!$C$5:$C$104,MATCH(G1004,'Fault Master'!$A$5:$A$104,0)),"")
A1005: QUICK INSTRUCTIONS | I1005: =IFERROR(INDEX('Fault Master'!$C$5:$C$104,MATCH(G1005,'Fault Master'!$A$5:$A$104,0)),"")
A1006: Data Entry — Daily KPI | B1006: One row = one operator + one date + one actual shift. Use dropdowns where available. | I1006: =IFERROR(INDEX('Fault Master'!$C$5:$C$104,MATCH(G1006,'Fault Master'!$A$5:$A$104,0)),"")
A1007: Shift handling | B1007: Shift Roster is the planned schedule. Data Entry stores the actual shift. If the rotation breaks, keep the roster unchanged and select Changed/Temporary/Replacement plus a reason. | I1007: =IFERROR(INDEX('Fault Master'!$C$5:$C$104,MATCH(G1007,'Fault Master'!$A$5:$A$104,0)),"")
A1008: Fault entry | B1008: Record fault frequency as occurrences. For fabric-quality events, record affected yards when available. Record downtime minutes and responsibility in the detailed fault section. | I1008: =IFERROR(INDEX('Fault Master'!$C$5:$C$104,MATCH(G1008,'Fault Master'!$A$5:$A$104,0)),"")
A1009: Automatic fields | B1009: Operator Name, Fault Category, Fault Name, KPI calculations, Grade and Incentive are automatic. Do not overwrite backend formulas. | I1009: =IFERROR(INDEX('Fault Master'!$C$5:$C$104,MATCH(G1009,'Fault Master'!$A$5:$A$104,0)),"")
A1010: KPI logic | B1010: Shift is retained for analysis but does not directly affect KPI score. KPI weights and approved standards are controlled in Standards & Scoring. | I1010: =IFERROR(INDEX('Fault Master'!$C$5:$C$104,MATCH(G1010,'Fault Master'!$A$5:$A$104,0)),"")
A1011: Recommended routine | B1011: 1) Maintain masters → 2) Update Shift Roster → 3) Enter daily KPI → 4) Enter detailed faults/downtime → 5) Verify → 6) Review Operator View/Dashboard. | I1011: =IFERROR(INDEX('Fault Master'!$C$5:$C$104,MATCH(G1011,'Fault Master'!$A$5:$A$104,0)),"")
A1012: 501 | F1012: =IFERROR(INDEX('Operator Master'!$B$5:$B$504,MATCH(E1012,'Operator Master'!$A$5:$A$504,0)),"") | H1012: =IFERROR(INDEX('Fault Master'!$B$5:$B$104,MATCH(G1012,'Fault Master'!$A$5:$A$104,0)),"") | I1012: =IFERROR(INDEX('Fault Master'!$C$5:$C$104,MATCH(G1012,'Fault Master'!$A$5:$A$104,0)),"")
A1013: 502 | F1013: =IFERROR(INDEX('Operator Master'!$B$5:$B$504,MATCH(E1013,'Operator Master'!$A$5:$A$504,0)),"") | H1013: =IFERROR(INDEX('Fault Master'!$B$5:$B$104,MATCH(G1013,'Fault Master'!$A$5:$A$104,0)),"") | I1013: =IFERROR(INDEX('Fault Master'!$C$5:$C$104,MATCH(G1013,'Fault Master'!$A$5:$A$104,0)),"")
A1014: 503 | F1014: =IFERROR(INDEX('Operator Master'!$B$5:$B$504,MATCH(E1014,'Operator Master'!$A$5:$A$504,0)),"") | H1014: =IFERROR(INDEX('Fault Master'!$B$5:$B$104,MATCH(G1014,'Fault Master'!$A$5:$A$104,0)),"") | I1014: =IFERROR(INDEX('Fault Master'!$C$5:$C$104,MATCH(G1014,'Fault Master'!$A$5:$A$104,0)),"")
A1015: 504 | F1015: =IFERROR(INDEX('Operator Master'!$B$5:$B$504,MATCH(E1015,'Operator Master'!$A$5:$A$504,0)),"") | H1015: =IFERROR(INDEX('Fault Master'!$B$5:$B$104,MATCH(G1015,'Fault Master'!$A$5:$A$104,0)),"") | I1015: =IFERROR(INDEX('Fault Master'!$C$5:$C$104,MATCH(G1015,'Fault Master'!$A$5:$A$104,0)),"")
A1016: 505 | F1016: =IFERROR(INDEX('Operator Master'!$B$5:$B$504,MATCH(E1016,'Operator Master'!$A$5:$A$504,0)),"") | H1016: =IFERROR(INDEX('Fault Master'!$B$5:$B$104,MATCH(G1016,'Fault Master'!$A$5:$A$104,0)),"") | I1016: =IFERROR(INDEX('Fault Master'!$C$5:$C$104,MATCH(G1016,'Fault Master'!$A$5:$A$104,0)),"")
A1017: 506 | F1017: =IFERROR(INDEX('Operator Master'!$B$5:$B$504,MATCH(E1017,'Operator Master'!$A$5:$A$504,0)),"") | H1017: =IFERROR(INDEX('Fault Master'!$B$5:$B$104,MATCH(G1017,'Fault Master'!$A$5:$A$104,0)),"") | I1017: =IFERROR(INDEX('Fault Master'!$C$5:$C$104,MATCH(G1017,'Fault Master'!$A$5:$A$104,0)),"")
A1018: 507 | F1018: =IFERROR(INDEX('Operator Master'!$B$5:$B$504,MATCH(E1018,'Operator Master'!$A$5:$A$504,0)),"") | H1018: =IFERROR(INDEX('Fault Master'!$B$5:$B$104,MATCH(G1018,'Fault Master'!$A$5:$A$104,0)),"") | I1018: =IFERROR(INDEX('Fault Master'!$C$5:$C$104,MATCH(G1018,'Fault Master'!$A$5:$A$104,0)),"")
A1019: 508 | F1019: =IFERROR(INDEX('Operator Master'!$B$5:$B$504,MATCH(E1019,'Operator Master'!$A$5:$A$504,0)),"") | H1019: =IFERROR(INDEX('Fault Master'!$B$5:$B$104,MATCH(G1019,'Fault Master'!$A$5:$A$104,0)),"") | I1019: =IFERROR(INDEX('Fault Master'!$C$5:$C$104,MATCH(G1019,'Fault Master'!$A$5:$A$104,0)),"")
A1020: 509 | F1020: =IFERROR(INDEX('Operator Master'!$B$5:$B$504,MATCH(E1020,'Operator Master'!$A$5:$A$504,0)),"") | H1020: =IFERROR(INDEX('Fault Master'!$B$5:$B$104,MATCH(G1020,'Fault Master'!$A$5:$A$104,0)),"") | I1020: =IFERROR(INDEX('Fault Master'!$C$5:$C$104,MATCH(G1020,'Fault Master'!$A$5:$A$104,0)),"")
...

Sheet Standards & Scoring
A1: DENIM MILL — WEAVING | KPI STANDARDS & SCORING
A3: Management control sheet. Change approved targets/weights here. Daily users should not modify this sheet.
A4: KPI Component | B4: Source Metric | C4: Direction | D4: Weight % | E4: Target / Standard | F4: Scoring Note | H4: Grade | I4: Minimum KPI | J4: Incentive
A5: Production | B5: Production Achievement % | C5: Higher | D5: 20 | E5: 100 | F5: Actual loom production ÷ approved loom/style target | H5: A+ | I5: 105 | J5: 1800
A6: Loom Efficiency | B6: Technical Loom Efficiency % | C6: Higher | D6: 15 | E6: 85 | F6: Use approved mill efficiency formula; target is a practical starting standard | H6: A | I6: 100 | J6: 1600
A7: Running / Availability | B7: Loom Availability % | C7: Higher | D7: 15 | E7: 95 | F7: Available loom time after valid downtime | H7: B+ | I7: 95 | J7: 1400
A8: Quality / Rejection | B8: Rejection % | C8: Lower | D8: 15 | E8: 1 | F8: Target 1.00% as a practical denim-mill starting point; replace with mill historical standard | H8: B | I8: 90 | J8: 1200
A9: Fault Control | B9: Faults / 1000 yd | C9: Lower | D9: 10 | E9: 10 | F9: Starting benchmark; set by loom/style family after baseline study | H9: C | I9: 0 | J9: 0
A10: Downtime Control | B10: Downtime Min / 1000 yd | C10: Lower | D10: 10 | E10: 20 | F10: Starting benchmark; excludes planned changeover/approved stoppage
A11: Housekeeping / SOP | B11: Average Housekeeping + SOP/Safety % | C11: Higher | D11: 5 | E11: 95 | F11: Checklist-based assessment
A12: Attendance / Discipline | B12: Attendance / Discipline % | C12: Higher | D12: 5 | E12: 100 | F12: HR/biometric attendance and approved discipline rating
A13: Skill / Process Compliance | B13: Parameter / Process Compliance % | C13: Higher | D13: 5 | E13: 95 | F13: Correct RPM/PPI/setting, procedure adherence and response to abnormalities
A15: Weight total | D15: =SUM(D5:D13) -> 100
A17: STANDARD DENIM MILL CULTURE | B17: Use approved mill/style/loom-family standards wherever available. The targets above are starting control limits, not universal industry laws. Review monthly using 3–6 months of actual data and revise through management approval.
A19: Denim-mill KPI principle | B19: Reward balanced performance: output must not be achieved by sacrificing quality, excessive faults, downtime, SOP or safety. Production is counted once; the other weights measure process stability and operator control.
A21: Target governance | B21: Production target: loom/style/construction based. Efficiency: use mill-approved formula. Rejection, faults and downtime: establish baselines by loom/style family. Attendance: HR/biometric source. Housekeeping/SOP: checklist audit.

Sheet Weaving KPI Data
A1: STL FU — WEAVING | KPI DATABASE & CALCULATIONS
A3: Backend calculation sheet. Do not type here during routine operation.
A4: Record No | B4: Date | C4: Planned Shift | D4: Actual Shift | E4: Shift Status | F4: Shift Change Reason | G4: Operator ID | H4: Operator Name | I4: Supervisor | J4: No. of Looms | K4: Loom No(s) | L4: Avg RPM | M4: Avg PPI | N4: Production Target | O4: Production Actual | P4: Production Achievement % | Q4: Running Hr Target / Loom | R4: Total Loom-Hr Target | S4: Running Hr Actual | T4: Running Achievement % | U4: Loom Efficiency % | V4: Rejection Yds | W4: Rejection % | X4: Warp Break | Y4: Weft Break | Z4: Missing Pick | AA4: Stop Mark | AB4: Start Mark | AC4: L. End | AD4: Y. Mix | AE4: Other Fault | AF4: Fault Total | AG4: Faults / 1000 yd | AH4: Housekeeping % | AI4: Attendance / Discipline % | AJ4: SOP / Safety % | AK4: Supervisor Remarks | AL4: Operator Comments | AM4: Verified | AN4: Production Score | AO4: Efficiency Score | AP4: Running / Availability Score | AQ4: Quality Score | AR4: Fault Score | AS4: Downtime Score | AT4: Housekeeping / SOP Score | AU4: Attendance Score | AV4: Skill / Process Score | AW4: Individual KPI Score | AX4: Grade | AY4: Incentive | AZ4: Theoretical Production yd
A5: ='Daily KPI Entry'!A6 -> 1 | B5: ='Daily KPI Entry'!B6 -> 46288 | C5: ='Daily KPI Entry'!C6 -> A | D5: ='Daily KPI Entry'!D6 -> A | E5: ='Daily KPI Entry'!E6 -> Normal | F5: ='Daily KPI Entry'!F6 -> 0 | G5: ='Daily KPI Entry'!G6 -> STL005494 | H5: ='Daily KPI Entry'!H6 -> MD. MAHABUB ALAM | ... O5: ='Daily KPI Entry'!O6 -> 1130 | P5: =IF(OR(N5="",O5=""),"",IFERROR(O5/N5*100,0)) -> 75.333333 | Q5: ='Daily KPI Entry'!Q6 -> 8 | R5: =IF(J5="","",Q5*J5) -> 64 | S5: ='Daily KPI Entry'!S6 -> 61 | T5: =IF(OR(R5="",S5=""),"",IFERROR(S5/R5*100,0)) -> 95.3125 | U5: =IF(OR(O5="",L5="",M5="",S5="",M5=0),"",IFERROR(O5/(L5*60*S5/(M5*36))*100,0)) -> 87.871938 | V5: ='Daily KPI Entry'!V6 -> 32 | W5: =IF(O5="","",IFERROR(V5/O5*100,0)) -> 2.8318584 | X5: ='Daily KPI Entry'!X6 -> 3 | Y5: ='Daily KPI Entry'!Y6 -> 5 | Z5: ='Daily KPI Entry'!Z6 -> 3 | AA5: ='Daily KPI Entry'!AA6 -> 5 | AB5: ='Daily KPI Entry'!AB6 -> 3 | AC5: ='Daily KPI Entry'!AC6 -> 0 | AD5: ='Daily KPI Entry'!AD6 -> 0 | AE5: ='Daily KPI Entry'!AE6 -> 0 | AF5: =IF(O5="","",SUM(X5:AE5)) -> 19 | AG5: =IF(O5="","",IFERROR(AF5/O5*1000,0)) -> 16.814159 | AH5: ='Daily KPI Entry'!AH6 -> 80 | AI5: ='Daily KPI Entry'!AI6 -> 100 | AJ5: ='Daily KPI Entry'!AJ6 -> 90 | AK5: ='Daily KPI Entry'!AK6 -> 0 | AL5: ='Daily KPI Entry'!AL6 -> 0 | AM5: ='Daily KPI Entry'!AM6 -> 0 | AN5: =IF(P5="","",MIN(120,P5)) -> 75.333333 | AO5: =IF(U5="","",MIN(120,U5)) -> 87.871938 | AP5: =IF(R5="","",MIN(120,IFERROR(S5/R5*100,0))) -> 95.3125 | AQ5: =IF(W5="","",MIN(120,IF(W5=0,120,100*(INDEX('Standards & Scoring'!$E$5:$E$13,MATCH("Quality / Rejection",'Standards & Scoring'!$A$5:$A$13,0))/W5)))) -> 35.3125 | AR5: =IF(AG5="","",MIN(120,IF(AG5=0,120,100*(INDEX('Standards & Scoring'!$E$5:$E$13,MATCH("Fault Control",'Standards & Scoring'!$A$5:$A$13,0))/AG5)))) -> 59.473684 | AS5: =IF(O5="","",MIN(120,IF(SUMIFS('Fault & Downtime Entry'!$L$6:$L$1005,'Fault & Downtime Entry'!$E$6:$E$1005,G5,'Fault & Downtime Entry'!$B$6:$B$1005,B5)=0,120,100*(INDEX('Standards & Scoring'!$E$5:$E$13,MATCH("Downtime Control",'Standards & Scoring'!$A$5:$A$13,0))/IFERROR(SUMIFS('Fault & Downtime Entry'!$L$6:$L$1005,'Fault & Downtime Entry'!$E$6:$E$1005,G5,'Fault & Downtime Entry'!$B$6:$B$1005,B5)/O5*1000,999999))))) -> 120 | AT5: =IF(COUNTA(AH5,AJ5)=0,"",MIN(120,IF(AND(AH5<>"",AJ5<>""),AVERAGE(AH5,AJ5),IF(AH5<>"",AH5,AJ5)))) -> 85 | AU5: =IF(AI5="","",MIN(120,AI5)) -> 100 | AV5: =IF(AJ5="","",MIN(120,AJ5)) -> 90 | AW5: =IF(COUNT(AN5:AV5)<9,"",(AN5*'Standards & Scoring'!$D$5+AO5*'Standards & Scoring'!$D$6+AP5*'Standards & Scoring'!$D$7+AQ5*'Standards & Scoring'!$D$8+AR5*'Standards & Scoring'!$D$9+AS5*'Standards & Scoring'!$D$10+AT5*'Standards & Scoring'!$D$11+AU5*'Standards & Scoring'!$D$12+AV5*'Standards & Scoring'!$D$13)/10000) -> 0.79538576 | AX5: =IF(AW5="","",IF(AW5>=1.05,"A+",IF(AW5>=1,"A",IF(AW5>=0.95,"B+",IF(AW5>=0.9,"B","C"))))) -> C | AY5: =IF(AX5="","",IF(AX5="A+",1800,IF(AX5="A",1600,IF(AX5="B+",1400,IF(AX5="B",1200,0))))) -> 0 | AZ5: =IF(OR(L5="",M5="",S5="",M5=0),"",IFERROR(L5*60*S5/(M5*36),0)) -> 1285.9623
A6: ='Daily KPI Entry'!A7 -> 2 | B6: ='Daily KPI Entry'!B7 -> 46288 | C6: ='Daily KPI Entry'!C7 -> B | D6: ='Daily KPI Entry'!D7 -> A | E6: ='Daily KPI Entry'!E7 -> Replace | F6: ='Daily KPI Entry'!F7 -> Manpower shortage | G6: ='Daily KPI Entry'!G7 -> STL005476 | H6: ='Daily KPI Entry'!H7 -> MD. RIPU MIAH | ... O6: ='Daily KPI Entry'!O7 -> 1127 | P6: =IF(OR(N6="",O6=""),"",IFERROR(O6/N6*100,0)) -> 62.611111 | Q6: ='Daily KPI Entry'!Q7 -> 8 | R6: =IF(J6="","",Q6*J6) -> 72 | S6: ='Daily KPI Entry'!S7 -> 68 | T6: =IF(OR(R6="",S6=""),"",IFERROR(S6/R6*100,0)) -> 94.444444 | U6: =IF(OR(O6="",L6="",M6="",S6="",M6=0),"",IFERROR(O6/(L6*60*S6/(M6*36))*100,0)) -> 75.282306 | V6: ='Daily KPI Entry'!V7 -> 17 | W6: =IF(O6="","",IFERROR(V6/O6*100,0)) -> 1.5084295 | X6: ='Daily KPI Entry'!X7 -> 6 | Y6: ='Daily KPI Entry'!Y7 -> 4 | Z6: ='Daily KPI Entry'!Z7 -> 7 | AA6: ='Daily KPI Entry'!AA7 -> 3 | AB6: ='Daily KPI Entry'!AB7 -> 6 | AC6: ='Daily KPI Entry'!AC7 -> 1 | AD6: ='Daily KPI Entry'!AD7 -> 0 | AE6: ='Daily KPI Entry'!AE7 -> 0 | AF6: =IF(O6="","",SUM(X6:AE6)) -> 27 | AG6: =IF(O6="","",IFERROR(AF6/O6*1000,0)) -> 23.957409 | AH6: ='Daily KPI Entry'!AH7 -> 90 | AI6: ='Daily KPI Entry'!AI7 -> 95 | AJ6: ='Daily KPI Entry'!AJ7 -> 100 | AK6: ='Daily KPI Entry'!AK7 -> 0 | AL6: ='Daily KPI Entry'!AL7 -> 0 | AM6: ='Daily KPI Entry'!AM7 -> 0 | AN6: =IF(P6="","",MIN(120,P6)) -> 62.611111 | AO6: =IF(U6="","",MIN(120,U6)) -> 75.282306 | AP6: =IF(R6="","",MIN(120,IFERROR(S6/R6*100,0))) -> 94.444444 | AQ6: =IF(W6="","",MIN(120,IF(W6=0,120,100*(INDEX('Standards & Scoring'!$E$5:$E$13,MATCH("Quality / Rejection",'Standards & Scoring'!$A$5:$A$13,0))/W6)))) -> 66.294118 | AR6: =IF(AG6="","",MIN(120,IF(AG6=0,120,100*(INDEX('Standards & Scoring'!$E$5:$E$13,MATCH("Fault Control",'Standards & Scoring'!$A$5:$A$13,0))/AG6)))) -> 41.740741 | AS6: =IF(O6="","",MIN(120,IF(SUMIFS('Fault & Downtime Entry'!$L$6:$L$1005,'Fault & Downtime Entry'!$E$6:$E$1005,G6,'Fault & Downtime Entry'!$B$6:$B$1005,B6)=0,120,100*(INDEX('Standards & Scoring'!$E$5:$E$13,MATCH("Downtime Control",'Standards & Scoring'!$A$5:$A$13,0))/IFERROR(SUMIFS('Fault & Downtime Entry'!$L$6:$L$1005,'Fault & Downtime Entry'!$E$6:$E$1005,G6,'Fault & Downtime Entry'!$B$6:$B$1005,B6)/O6*1000,999999))))) -> 120 | AT6: =IF(COUNTA(AH6,AJ6)=0,"",MIN(120,IF(AND(AH6<>"",AJ6<>""),AVERAGE(AH6,AJ6),IF(AH6<>"",AH6,AJ6)))) -> 95 | AU6: =IF(AI6="","",MIN(120,AI6)) -> 95 | AV6: =IF(AJ6="","",MIN(120,AJ6)) -> 100 | AW6: =IF(COUNT(AN6:AV6)<9,"",(AN6*'Standards & Scoring'!$D$5+AO6*'Standards & Scoring'!$D$6+AP6*'Standards & Scoring'!$D$7+AQ6*'Standards & Scoring'!$D$8+AR6*'Standards & Scoring'!$D$9+AS6*'Standards & Scoring'!$D$10+AT6*'Standards & Scoring'!$D$11+AU6*'Standards & Scoring'!$D$12+AV6*'Standards & Scoring'!$D$13)/10000) -> 0.78599427 | AX6: =IF(AW6="","",IF(AW6>=1.05,"A+",IF(AW6>=1,"A",IF(AW6>=0.95,"B+",IF(AW6>=0.9,"B","C"))))) -> C | AY6: =IF(AX6="","",IF(AX6="A+",1800,IF(AX6="A",1600,IF(AX6="B+",1400,IF(AX6="B",1200,0))))) -> 0 | AZ6: =IF(OR(L6="",M6="",S6="",M6=0),"",IFERROR(L6*60*S6/(M6*36),0)) -> 1497.0317
A7: ='Daily KPI Entry'!A8 -> 3 | B7: ='Daily KPI Entry'!B8 -> 46288 | C7: ='Daily KPI Entry'!C8 -> A | D7: ='Daily KPI Entry'!D8 -> A | E7: ='Daily KPI Entry'!E8 -> Normal | F7: ='Daily KPI Entry'!F8 -> 0 | G7: ='Daily KPI Entry'!G8 -> STL005492 | H7: ='Daily KPI Entry'!H8 -> MD. MINHAZ ALI | ... O7: ='Daily KPI Entry'!O8 -> 1602 | P7: =IF(OR(N7="",O7=""),"",IFERROR(O7/N7*100,0)) -> 84.315789 | Q7: ='Daily KPI Entry'!Q8 -> 8 | R7: =IF(J7="","",Q7*J7) -> 80 | S7: ='Daily KPI Entry'!S8 -> 79 | T7: =IF(OR(R7="",S7=""),"",IFERROR(S7/R7*100,0)) -> 98.75 | U7: =IF(OR(O7="",L7="",M7="",S7="",M7=0),"",IFERROR(O7/(L7*60*S7/(M7*36))*100,0)) -> 94.167607 | V7: ='Daily KPI Entry'!V8 -> 20 | W7: =IF(O7="","",IFERROR(V7/O7*100,0)) -> 1.2484395 | X7: ='Daily KPI Entry'!X8 -> 4 | Y7: ='Daily KPI Entry'!Y8 -> 4 | Z7: ='Daily KPI Entry'!Z8 -> 1 | AA7: ='Daily KPI Entry'!AA8 -> 3 | AB7: ='Daily KPI Entry'!AB8 -> 2 | AC7: ='Daily KPI Entry'!AC8 -> 0 | AD7: ='Daily KPI Entry'!AD8 -> 0 | AE7: ='Daily KPI Entry'!AE8 -> 0 | AF7: =IF(O7="","",SUM(X7:AE7)) -> 14 | AG7: =IF(O7="","",IFERROR(AF7/O7*1000,0)) -> 8.7390762 | AH7: ='Daily KPI Entry'!AH8 -> 95 | AI7: ='Daily KPI Entry'!AI8 -> 100 | AJ7: ='Daily KPI Entry'!AJ8 -> 100 | AK7: ='Daily KPI Entry'!AK8 -> 0 | AL7: ='Daily KPI Entry'!AL8 -> 0 | AM7: ='Daily KPI Entry'!AM8 -> 0 | AN7: =IF(P7="","",MIN(120,P7)) -> 84.315789 | AO7: =IF(U7="","",MIN(120,U7)) -> 94.167607 | AP7: =IF(R7="","",MIN(120,IFERROR(S7/R7*100,0))) -> 98.75 | AQ7: =IF(W7="","",MIN(120,IF(W7=0,120,100*(INDEX('Standards & Scoring'!$E$5:$E$13,MATCH("Quality / Rejection",'Standards & Scoring'!$A$5:$A$13,0))/W7)))) -> 80.1 | AR7: =IF(AG7="","",MIN(120,IF(AG7=0,120,100*(INDEX('Standards & Scoring'!$E$5:$E$13,MATCH("Fault Control",'Standards & Scoring'!$A$5:$A$13,0))/AG7)))) -> 114.42857 | AS7: =IF(O7="","",MIN(120,IF(SUMIFS('Fault & Downtime Entry'!$L$6:$L$1005,'Fault & Downtime Entry'!$E$6:$E$1005,G7,'Fault & Downtime Entry'!$B$6:$B$1005,B7)=0,120,100*(INDEX('Standards & Scoring'!$E$5:$E$13,MATCH("Downtime Control",'Standards & Scoring'!$A$5:$A$13,0))/IFERROR(SUMIFS('Fault & Downtime Entry'!$L$6:$L$1005,'Fault & Downtime Entry'!$E$6:$E$1005,G7,'Fault & Downtime Entry'!$B$6:$B$1005,B7)/O7*1000,999999))))) -> 120 | AT7: =IF(COUNTA(AH7,AJ7)=0,"",MIN(120,IF(AND(AH7<>"",AJ7<>""),AVERAGE(AH7,AJ7),IF(AH7<>"",AH7,AJ7)))) -> 97.5 | AU7: =IF(AI7="","",MIN(120,AI7)) -> 100 | AV7: =IF(AJ7="","",MIN(120,AJ7)) -> 100 | AW7: =IF(COUNT(AN7:AV7)<9,"",(AN7*'Standards & Scoring'!$D$5+AO7*'Standards & Scoring'!$D$6+AP7*'Standards & Scoring'!$D$7+AQ7*'Standards & Scoring'!$D$8+AR7*'Standards & Scoring'!$D$9+AS7*'Standards & Scoring'!$D$10+AT7*'Standards & Scoring'!$D$11+AU7*'Standards & Scoring'!$D$12+AV7*'Standards & Scoring'!$D$13)/10000) -> 0.96133656 | AX7: =IF(AW7="","",IF(AW7>=1.05,"A+",IF(AW7>=1,"A",IF(AW7>=0.95,"B+",IF(AW7>=0.9,"B","C"))))) -> B+ | AY7: =IF(AX7="","",IF(AX7="A+",1800,IF(AX7="A",1600,IF(AX7="B+",1400,IF(AX7="B",1200,0))))) -> 1400 | AZ7: =IF(OR(L7="",M7="",S7="",M7=0),"",IFERROR(L7*60*S7/(M7*36),0)) -> 1701.222
A8: ='Daily KPI Entry'!A9 -> 4 | B8: ='Daily KPI Entry'!B9 -> 46288 | C8: ='Daily KPI Entry'!C9 -> A | D8: ='Daily KPI Entry'!D9 -> A | E8: ='Daily KPI Entry'!E9 -> Normal | F8: ='Daily KPI Entry'!F9 -> 0 | G8: ='Daily KPI Entry'!G9 -> STL005502 | H8: ='Daily KPI Entry'!H9 -> MD. FORIDUL ISLAM | ... O8: ='Daily KPI Entry'!O9 -> 781 | P8: =IF(OR(N8="",O8=""),"",IFERROR(O8/N8*100,0)) -> 52.066667 | Q8: ='Daily KPI Entry'!Q9 -> 8 | R8: =IF(J8="","",Q8*J8) -> 72 | S8: ='Daily KPI Entry'!S9 -> 60 | T8: =IF(OR(R8="",S8=""),"",IFERROR(S8/R8*100,0)) -> 83.333333 | U8: =IF(OR(O8="",L8="",M8="",S8="",M8=0),"",IFERROR(O8/(L8*60*S8/(M8*36))*100,0)) -> 67.328047 | V8: ='Daily KPI Entry'!V9 -> 16 | W8: =IF(O8="","",IFERROR(V8/O8*100,0)) -> 2.0486556 | X8: ='Daily KPI Entry'!X9 -> 2 | Y8: ='Daily KPI Entry'!Y9 -> 5 | Z8: ='Daily KPI Entry'!Z9 -> 3 | AA8: ='Daily KPI Entry'!AA9 -> 6 | AB8: ='Daily KPI Entry'!AB9 -> 2 | AC8: ='Daily KPI Entry'!AC9 -> 3 | AD8: ='Daily KPI Entry'!AD9 -> 0 | AE8: ='Daily KPI Entry'!AE9 -> 0 | AF8: =IF(O8="","",SUM(X8:AE8)) -> 21 | AG8: =IF(O8="","",IFERROR(AF8/O8*1000,0)) -> 26.888604 | AH8: ='Daily KPI Entry'!AH9 -> 90 | AI8: ='Daily KPI Entry'!AI9 -> 100 | AJ8: ='Daily KPI Entry'!AJ9 -> 100 | AK8: ='Daily KPI Entry'!AK9 -> 0 | AL8: ='Daily KPI Entry'!AL9 -> 0 | AM8: ='Daily KPI Entry'!AM9 -> 0 | AN8: =IF(P8="","",MIN(120,P8)) -> 52.066667 | AO8: =IF(U8="","",MIN(120,U8)) -> 67.328047 | AP8: =IF(R8="","",MIN(120,IFERROR(S8/R8*100,0))) -> 83.333333 | AQ8: =IF(W8="","",MIN(120,IF(W8=0,120,100*(INDEX('Standards & Scoring'!$E$5:$E$13,MATCH("Quality / Rejection",'Standards & Scoring'!$A$5:$A$13,0))/W8)))) -> 48.8125 | AR8: =IF(AG8="","",MIN(120,IF(AG8=0,120,100*(INDEX('Standards & Scoring'!$E$5:$E$13,MATCH("Fault Control",'Standards & Scoring'!$A$5:$A$13,0))/AG8)))) -> 37.190476 | AS8: =IF(O8="","",MIN(120,IF(SUMIFS('Fault & Downtime Entry'!$L$6:$L$1005,'Fault & Downtime Entry'!$E$6:$E$1005,G8,'Fault & Downtime Entry'!$B$6:$B$1005,B8)=0,120,100*(INDEX('Standards & Scoring'!$E$5:$E$13,MATCH("Downtime Control",'Standards & Scoring'!$A$5:$A$13,0))/IFERROR(SUMIFS('Fault & Downtime Entry'!$L$6:$L$1005,'Fault & Downtime Entry'!$E$6:$E$1005,G8,'Fault & Downtime Entry'!$B$6:$B$1005,B8)/O8*1000,999999))))) -> 120 | AT8: =IF(COUNTA(AH8,AJ8)=0,"",MIN(120,IF(AND(AH8<>"",AJ8<>""),AVERAGE(AH8,AJ8),IF(AH8<>"",AH8,AJ8)))) -> 95 | AU8: =IF(AI8="","",MIN(120,AI8)) -> 100 | AV8: =IF(AJ8="","",MIN(120,AJ8)) -> 100 | AW8: =IF(COUNT(AN8:AV8)<9,"",(AN8*'Standards & Scoring'!$D$5+AO8*'Standards & Scoring'!$D$6+AP8*'Standards & Scoring'!$D$7+AQ8*'Standards & Scoring'!$D$8+AR8*'Standards & Scoring'!$D$9+AS8*'Standards & Scoring'!$D$10+AT8*'Standards & Scoring'!$D$11+AU8*'Standards & Scoring'!$D$12+AV8*'Standards & Scoring'!$D$13)/10000) -> 0.70803463 | AX8: =IF(AW8="","",IF(AW8>=1.05,"A+",IF(AW8>=1,"A",IF(AW8>=0.95,"B+",IF(AW8>=0.9,"B","C"))))) -> C | AY8: =IF(AX8="","",IF(AX8="A+",1800,IF(AX8="A",1600,IF(AX8="B+",1400,IF(AX8="B",1200,0))))) -> 0 | AZ8: =IF(OR(L8="",M8="",S8="",M8=0),"",IFERROR(L8*60*S8/(M8*36),0)) -> 1159.9921
A9: ='Daily KPI Entry'!A10 -> 5 | B9: ='Daily KPI Entry'!B10 -> 46288 | C9: ='Daily KPI Entry'!C10 -> 0 | D9: ='Daily KPI Entry'!D10 -> 0 | E9: ='Daily KPI Entry'!E10 -> 0 | F9: ='Daily KPI Entry'!F10 -> 0 | G9: ='Daily KPI Entry'!G10 -> STL005507 | H9: ='Daily KPI Entry'!H10 -> MD. SAIFUL ISLAM-2 | ... O9: ='Daily KPI Entry'!O10 -> 1170 | P9: =IF(OR(N9="",O9=""),"",IFERROR(O9/N9*100,0)) -> 61.578947 | Q9: ='Daily KPI Entry'!Q10 -> 8 | R9: =IF(J9="","",Q9*J9) -> 80 | S9: ='Daily KPI Entry'!S10 -> 78 | T9: =IF(OR(R9="",S9=""),"",IFERROR(S9/R9*100,0)) -> 97.5 | U9: =IF(OR(O9="",L9="",M9="",S9="",M9=0),"",IFERROR(O9/(L9*60*S9/(M9*36))*100,0)) -> 67.519313 | V9: ='Daily KPI Entry'!V10 -> 12 | W9: =IF(O9="","",IFERROR(V9/O9*100,0)) -> 1.025641 | X9: ='Daily KPI Entry'!X10 -> 5 | Y9: ='Daily KPI Entry'!Y10 -> 3 | Z9: ='Daily KPI Entry'!Z10 -> 4 | AA9: ='Daily KPI Entry'!AA10 -> 1 | AB9: ='Daily KPI Entry'!AB10 -> 5 | AC9: ='Daily KPI Entry'!AC10 -> 1 | AD9: ='Daily KPI Entry'!AD10 -> 1 | AE9: ='Daily KPI Entry'!AE10 -> 0 | AF9: =IF(O9="","",SUM(X9:AE9)) -> 20 | AG9: =IF(O9="","",IFERROR(AF9/O9*1000,0)) -> 17.094017 | AH9: ='Daily KPI Entry'!AH10 -> 95 | AI9: ='Daily KPI Entry'!AI10 -> 100 | AJ9: ='Daily KPI Entry'!AJ10 -> 95 | AK9: ='Daily KPI Entry'!AK10 -> 0 | AL9: ='Daily KPI Entry'!AL10 -> 0 | AM9: ='Daily KPI Entry'!AM10 -> 0 | AN9: =IF(P9="","",MIN(120,P9)) -> 61.578947 | AO9: =IF(U9="","",MIN(120,U9)) -> 67.519313 | AP9: =IF(R9="","",MIN(120,IFERROR(S9/R9*100,0))) -> 97.5 | AQ9: =IF(W9="","",MIN(120,IF(W9=0,120,100*(INDEX('Standards & Scoring'!$E$5:$E$13,MATCH("Quality / Rejection",'Standards & Scoring'!$A$5:$A$13,0))/W9)))) -> 97.5 | AR9: =IF(AG9="","",MIN(120,IF(AG9=0,120,100*(INDEX('Standards & Scoring'!$E$5:$E$13,MATCH("Fault Control",'Standards & Scoring'!$A$5:$A$13,0))/AG9)))) -> 58.5 | AS9: =IF(O9="","",MIN(120,IF(SUMIFS('Fault & Downtime Entry'!$L$6:$L$1005,'Fault & Downtime Entry'!$E$6:$E$1005,G9,'Fault & Downtime Entry'!$B$6:$B$1005,B9)=0,120,100*(INDEX('Standards & Scoring'!$E$5:$E$13,MATCH("Downtime Control",'Standards & Scoring'!$A$5:$A$13,0))/IFERROR(SUMIFS('Fault & Downtime Entry'!$L$6:$L$1005,'Fault & Downtime Entry'!$E$6:$E$1005,G9,'Fault & Downtime Entry'!$B$6:$B$1005,B9)/O9*1000,999999))))) -> 120 | AT9: =IF(COUNTA(AH9,AJ9)=0,"",MIN(120,IF(AND(AH9<>"",AJ9<>""),AVERAGE(AH9,AJ9),IF(AH9<>"",AH9,AJ9)))) -> 95 | AU9: =IF(AI9="","",MIN(120,AI9)) -> 100 | AV9: =IF(AJ9="","",MIN(120,AJ9)) -> 95 | AW9: =IF(COUNT(AN9:AV9)<9,"",(AN9*'Standards & Scoring'!$D$5+AO9*'Standards & Scoring'!$D$6+AP9*'Standards & Scoring'!$D$7+AQ9*'Standards & Scoring'!$D$8+AR9*'Standards & Scoring'!$D$9+AS9*'Standards & Scoring'!$D$10+AT9*'Standards & Scoring'!$D$11+AU9*'Standards & Scoring'!$D$12+AV9*'Standards & Scoring'!$D$13)/10000) -> 0.84043686 | AX9: =IF(AW9="","",IF(AW9>=1.05,"A+",IF(AW9>=1,"A",IF(AW9>=0.95,"B+",IF(AW9>=0.9,"B","C"))))) -> C | AY9: =IF(AX9="","",IF(AX9="A+",1800,IF(AX9="A",1600,IF(AX9="B+",1400,IF(AX9="B",1200,0))))) -> 0 | AZ9: =IF(OR(L9="",M9="",S9="",M9=0),"",IFERROR(L9*60*S9/(M9*36),0)) -> 1732.8375
A10: ='Daily KPI Entry'!A11 -> 6 | B10: ='Daily KPI Entry'!B11 -> 46288 | C10: ='Daily KPI Entry'!C11 -> 0 | D10: ='Daily KPI Entry'!D11 -> 0 | E10: ='Daily KPI Entry'!E11 -> 0 | F10: ='Daily KPI Entry'!F11 -> 0 | G10: ='Daily KPI Entry'!G11 -> STL005510 | H10: ='Daily KPI Entry'!H11 -> MD. ZIAUL HAQUE | ... O10: ='Daily KPI Entry'!O11 -> 1598 | P10: =IF(OR(N10="",O10=""),"",IFERROR(O10/N10*100,0)) -> 88.777778 | Q10: ='Daily KPI Entry'!Q11 -> 8 | R10: =IF(J10="","",Q10*J10) -> 72 | S10: ='Daily KPI Entry'!S11 -> 68 | T10: =IF(OR(R10="",S10=""),"",IFERROR(S10/R10*100,0)) -> 94.444444 | U10: =IF(OR(O10="",L10="",M10="",S10="",M10=0),"",IFERROR(O10/(L10*60*S10/(M10*36))*100,0)) -> 104.09588 | V10: ='Daily KPI Entry'!V11 -> 0 | W10: =IF(O10="","",IFERROR(V10/O10*100,0)) -> 0 | X10: ='Daily KPI Entry'!X11 -> 0 | Y10: ='Daily KPI Entry'!Y11 -> 0 | Z10: ='Daily KPI Entry'!Z11 -> 0 | AA10: ='Daily KPI Entry'!AA11 -> 0 | AB10: ='Daily KPI Entry'!AB11 -> 0 | AC10: ='Daily KPI Entry'!AC11 -> 0 | AD10: ='Daily KPI Entry'!AD11 -> 0 | AE10: ='Daily KPI Entry'!AE11 -> 0 | AF10: =IF(O10="","",SUM(X10:AE10)) -> 0 | AG10: =IF(O10="","",IFERROR(AF10/O10*1000,0)) -> 0 | AH10: ='Daily KPI Entry'!AH11 -> 0 | AI10: ='Daily KPI Entry'!AI11 -> 0 | AJ10: ='Daily KPI Entry'!AJ11 -> 0 | AK10: ='Daily KPI Entry'!AK11 -> 0 | AL10: ='Daily KPI Entry'!AL11 -> 0 | AM10: ='Daily KPI Entry'!AM11 -> 0 | AN10: =IF(P10="","",MIN(120,P10)) -> 88.777778 | AO10: =IF(U10="","",MIN(120,U10)) -> 104.09588 | AP10: =IF(R10="","",MIN(120,IFERROR(S10/R10*100,0))) -> 94.444444 | AQ10: =IF(W10="","",MIN(120,IF(W10=0,120,100*(INDEX('Standards & Scoring'!$E$5:$E$13,MATCH("Quality / Rejection",'Standards & Scoring'!$A$5:$A$13,0))/W10)))) -> 120 | AR10: =IF(AG10="","",MIN(120,IF(AG10=0,120,100*(INDEX('Standards & Scoring'!$E$5:$E$13,MATCH("Fault Control",'Standards & Scoring'!$A$5:$A$13,0))/AG10)))) -> 120 | AS10: =IF(O10="","",MIN(120,IF(SUMIFS('Fault & Downtime Entry'!$L$6:$L$1005,'Fault & Downtime Entry'!$E$6:$E$1005,G10,'Fault & Downtime Entry'!$B$6:$B$1005,B10)=0,120,100*(INDEX('Standards & Scoring'!$E$5:$E$13,MATCH("Downtime Control",'Standards & Scoring'!$A$5:$A$13,0))/IFERROR(SUMIFS('Fault & Downtime Entry'!$L$6:$L$1005,'Fault & Downtime Entry'!$E$6:$E$1005,G10,'Fault & Downtime Entry'!$B$6:$B$1005,B10)/O10*1000,999999))))) -> 120 | AT10: =IF(COUNTA(AH10,AJ10)=0,"",MIN(120,IF(AND(AH10<>"",AJ10<>""),AVERAGE(AH10,AJ10),IF(AH10<>"",AH10,AJ10)))) -> 0 | AU10: =IF(AI10="","",MIN(120,AI10)) | AV10: =IF(AJ10="","",MIN(120,AJ10)) | AW10: =IF(COUNT(AN10:AV10)<9,"",(AN10*'Standards & Scoring'!$D$5+AO10*'Standards & Scoring'!$D$6+AP10*'Standards & Scoring'!$D$7+AQ10*'Standards & Scoring'!$D$8+AR10*'Standards & Scoring'!$D$9+AS10*'Standards & Scoring'!$D$10+AT10*'Standards & Scoring'!$D$11+AU10*'Standards & Scoring'!$D$12+AV10*'Standards & Scoring'!$D$13)/10000) | AX10: =IF(AW10="","",IF(AW10>=1.05,"A+",IF(AW10>=1,"A",IF(AW10>=0.95,"B+",IF(AW10>=0.9,"B","C"))))) | AY10: =IF(AX10="","",IF(AX10="A+",1800,IF(AX10="A",1600,IF(AX10="B+",1400,IF(AX10="B",1200,0))))) | AZ10: =IF(OR(L10="",M10="",S10="",M10=0),"",IFERROR(L10*60*S10/(M10*36),0)) -> 1535.1232
A11: ='Daily KPI Entry'!A12 -> 7 | B11: ='Daily KPI Entry'!B12 -> 46288 | C11: ='Daily KPI Entry'!C12 -> 0 | D11: ='Daily KPI Entry'!D12 -> 0 | E11: ='Daily KPI Entry'!E12 -> 0 | F11: ='Daily KPI Entry'!F12 -> 0 | G11: ='Daily KPI Entry'!G12 -> STL005466 | H11: ='Daily KPI Entry'!H12 -> MD. ANOWAR HOSEN-3 | ... O11: ='Daily KPI Entry'!O12 -> 1156 | P11: =IF(OR(N11="",O11=""),"",IFERROR(O11/N11*100,0)) -> 72.25 | Q11: ='Daily KPI Entry'!Q12 -> 8 | R11: =IF(J11="","",Q11*J11) -> 72 | S11: ='Daily KPI Entry'!S12 -> 0 | T11: =IF(OR(R11="",S11=""),"",IFERROR(S11/R11*100,0)) | U11: =IF(OR(O11="",L11="",M11="",S11="",M11=0),"",IFERROR(O11/(L11*60*S11/(M11*36))*100,0)) | V11: ='Daily KPI Entry'!V12 -> 0 | W11: =IF(O11="","",IFERROR(V11/O11*100,0)) -> 0 | X11: ='Daily KPI Entry'!X12 -> 0 | Y11: ='Daily KPI Entry'!Y12 -> 0 | Z11: ='Daily KPI Entry'!Z12 -> 0 | AA11: ='Daily KPI Entry'!AA12 -> 0 | AB11: ='Daily KPI Entry'!AB12 -> 0 | AC11: ='Daily KPI Entry'!AC12 -> 0 | AD11: ='Daily KPI Entry'!AD12 -> 0 | AE11: ='Daily KPI Entry'!AE12 -> 0 | AF11: =IF(O11="","",SUM(X11:AE11)) -> 0 | AG11: =IF(O11="","",IFERROR(AF11/O11*1000,0)) -> 0 | AH11: ='Daily KPI Entry'!AH12 -> 0 | AI11: ='Daily KPI Entry'!AI12 -> 0 | AJ11: ='Daily KPI Entry'!AJ12 -> 0 | AK11: ='Daily KPI Entry'!AK12 -> 0 | AL11: ='Daily KPI Entry'!AL12 -> 0 | AM11: ='Daily KPI Entry'!AM12 -> 0 | AN11: =IF(P11="","",MIN(120,P11)) -> 72.25 | AO11: =IF(U11="","",MIN(120,U11)) | AP11: =IF(R11="","",MIN(120,IFERROR(S11/R11*100,0))) -> 0 | AQ11: =IF(W11="","",MIN(120,IF(W11=0,120,100*(INDEX('Standards & Scoring'!$E$5:$E$13,MATCH("Quality / Rejection",'Standards & Scoring'!$A$5:$A$13,0))/W11)))) -> 120 | AR11: =IF(AG11="","",MIN(120,IF(AG11=0,120,100*(INDEX('Standards & Scoring'!$E$5:$E$13,MATCH("Fault Control",'Standards & Scoring'!$A$5:$A$13,0))/AG11)))) -> 120 | AS11: =IF(O11="","",MIN(120,IF(SUMIFS('Fault & Downtime Entry'!$L$6:$L$1005,'Fault & Downtime Entry'!$E$6:$E$1005,G11,'Fault & Downtime Entry'!$B$6:$B$1005,B11)=0,120,100*(INDEX('Standards & Scoring'!$E$5:$E$13,MATCH("Downtime Control",'Standards & Scoring'!$A$5:$A$13,0))/IFERROR(SUMIFS('Fault & Downtime Entry'!$L$6:$L$1005,'Fault & Downtime Entry'!$E$6:$E$1005,G11,'Fault & Downtime Entry'!$B$6:$B$1005,B11)/O11*1000,999999))))) -> 120 | AT11: =IF(COUNTA(AH11,AJ11)=0,"",MIN(120,IF(AND(AH11<>"",AJ11<>""),AVERAGE(AH11,AJ11),IF(AH11<>"",AH11,AJ11)))) -> 0 | AU11: =IF(AI11="","",MIN(120,AI11)) | AV11: =IF(AJ11="","",MIN(120,AJ11)) | AW11: =IF(COUNT(AN11:AV11)<9,"",(AN11*'Standards & Scoring'!$D$5+AO11*'Standards & Scoring'!$D$6+AP11*'Standards & Scoring'!$D$7+AQ11*'Standards & Scoring'!$D$8+AR11*'Standards & Scoring'!$D$9+AS11*'Standards & Scoring'!$D$10+AT11*'Standards & Scoring'!$D$11+AU11*'Standards & Scoring'!$D$12+AV11*'Standards & Scoring'!$D$13)/10000) | AX11: =IF(AW11="","",IF(AW11>=1.05,"A+",IF(AW11>=1,"A",IF(AW11>=0.95,"B+",IF(AW11>=0.9,"B","C"))))) | AY11: =IF(AX11="","",IF(AX11="A+",1800,IF(AX11="A",1600,IF(AX11="B+",1400,IF(AX11="B",1200,0))))) | AZ11: =IF(OR(L11="",M11="",S11="",M11=0),"",IFERROR(L11*60*S11/(M11*36),0))
A12: ='Daily KPI Entry'!A13 -> 8 | B12: ='Daily KPI Entry'!B13 -> 46288 | C12: ='Daily KPI Entry'!C13 -> 0 | D12: ='Daily KPI Entry'!D13 -> 0 | E12: ='Daily KPI Entry'!E13 -> 0 | F12: ='Daily KPI Entry'!F13 -> 0 | G12: ='Daily KPI Entry'!G13 -> STL005489 | H12: ='Daily KPI Entry'!H13 -> MD. ALAM MIA | ... O12: ='Daily KPI Entry'!O13 -> 1255 | P12: =IF(OR(N12="",O12=""),"",IFERROR(O12/N12*100,0)) -> 71.714286 | Q12: ='Daily KPI Entry'!Q13 -> 8 | R12: =IF(J12="","",Q12*J12) -> 72 | S12: ='Daily KPI Entry'!S13 -> 0 | T12: =IF(OR(R12="",S12=""),"",IFERROR(S12/R12*100,0)) | U12: =IF(OR(O12="",L12="",M12="",S12="",M12=0),"",IFERROR(O12/(L12*60*S12/(M12*36))*100,0)) | V12: ='Daily KPI Entry'!V13 -> 0 | W12: =IF(O12="","",IFERROR(V12/O12*100,0)) -> 0 | X12: ='Daily KPI Entry'!X13 -> 0 | Y12: ='Daily KPI Entry'!Y13 -> 0 | Z12: ='Daily KPI Entry'!Z13 -> 0 | AA12: ='Daily KPI Entry'!AA13 -> 0 | AB12: ='Daily KPI Entry'!AB13 -> 0 | AC12: ='Daily KPI Entry'!AC13 -> 0 | AD12: ='Daily KPI Entry'!AD13 -> 0 | AE12: ='Daily KPI Entry'!AE13 -> 0 | AF12: =IF(O12="","",SUM(X12:AE12)) -> 0 | AG12: =IF(O12="","",IFERROR(AF12/O12*1000,0)) -> 0 | AH12: ='Daily KPI Entry'!AH13 -> 0 | AI12: ='Daily KPI Entry'!AI13 -> 0 | AJ12: ='Daily KPI Entry'!AJ13 -> 0 | AK12: ='Daily KPI Entry'!AK13 -> 0 | AL12: ='Daily KPI Entry'!AL13 -> 0 | AM12: ='Daily KPI Entry'!AM13 -> 0 | AN12: =IF(P12="","",MIN(120,P12)) -> 71.714286 | AO12: =IF(U12="","",MIN(120,U12)) | AP12: =IF(R12="","",MIN(120,IFERROR(S12/R12*100,0))) -> 0 | AQ12: =IF(W12="","",MIN(120,IF(W12=0,120,100*(INDEX('Standards & Scoring'!$E$5:$E$13,MATCH("Quality / Rejection",'Standards & Scoring'!$A$5:$A$13,0))/W12)))) -> 120 | AR12: =IF(AG12="","",MIN(120,IF(AG12=0,120,100*(INDEX('Standards & Scoring'!$E$5:$E$13,MATCH("Fault Control",'Standards & Scoring'!$A$5:$A$13,0))/AG12)))) -> 120 | AS12: =IF(O12="","",MIN(120,IF(SUMIFS('Fault & Downtime Entry'!$L$6:$L$1005,'Fault & Downtime Entry'!$E$6:$E$1005,G12,'Fault & Downtime Entry'!$B$6:$B$1005,B12)=0,120,100*(INDEX('Standards & Scoring'!$E$5:$E$13,MATCH("Downtime Control",'Standards & Scoring'!$A$5:$A$13,0))/IFERROR(SUMIFS('Fault & Downtime Entry'!$L$6:$L$1005,'Fault & Downtime Entry'!$E$6:$E$1005,G12,'Fault & Downtime Entry'!$B$6:$B$1005,B12)/O12*1000,999999))))) -> 120 | AT12: =IF(COUNTA(AH12,AJ12)=0,"",MIN(120,IF(AND(AH12<>"",AJ12<>""),AVERAGE(AH12,AJ12),IF(AH12<>"",AH12,AJ12)))) -> 0 | AU12: =IF(AI12="","",MIN(120,AI12)) | AV12: =IF(AJ12="","",MIN(120,AJ12)) | AW12: =IF(COUNT(AN12:AV12)<9,"",(AN12*'Standards & Scoring'!$D$5+AO12*'Standards & Scoring'!$D$6+AP12*'Standards & Scoring'!$D$7+AQ12*'Standards & Scoring'!$D$8+AR12*'Standards & Scoring'!$D$9+AS12*'Standards & Scoring'!$D$10+AT12*'Standards & Scoring'!$D$11+AU12*'Standards & Scoring'!$D$12+AV12*'Standards & Scoring'!$D$13)/10000) | AX12: =IF(AW12="","",IF(AW12>=1.05,"A+",IF(AW12>=1,"A",IF(AW12>=0.95,"B+",IF(AW12>=0.9,"B","C"))))) | AY12: =IF(AX12="","",IF(AX12="A+",1800,IF(AX12="A",1600,IF(AX12="B+",1400,IF(AX12="B",1200,0))))) | AZ12: =IF(OR(L12="",M12="",S12="",M12=0),"",IFERROR(L12*60*S12/(M12*36),0))
A13: ='Daily KPI Entry'!A14 -> 9 | B13: ='Daily KPI Entry'!B14 -> 46288 | C13: ='Daily KPI Entry'!C14 -> 0 | D13: ='Daily KPI Entry'!D14 -> 0 | E13: ='Daily KPI Entry'!E14 -> 0 | F13: ='Daily KPI Entry'!F14 -> 0 | G13: ='Daily KPI Entry'!G14 -> STL005490 | H13: ='Daily KPI Entry'!H14 -> MD. MOMINUL ISLAM | ... O13: ='Daily KPI Entry'!O14 -> 876 | P13: =IF(OR(N13="",O13=""),"",IFERROR(O13/N13*100,0)) -> 79.636364 | Q13: ='Daily KPI Entry'!Q14 -> 8 | R13: =IF(J13="","",Q13*J13) -> 40 | S13: ='Daily KPI Entry'!S14 -> 0 | T13: =IF(OR(R13="",S13=""),"",IFERROR(S13/R13*100,0)) | U13: =IF(OR(O13="",L13="",M13="",S13="",M13=0),"",IFERROR(O13/(L13*60*S13/(M13*36))*100,0)) | V13: ='Daily KPI Entry'!V14 -> 0 | W13: =IF(O13="","",IFERROR(V13/O13*100,0)) -> 0 | X13: ='Daily KPI Entry'!X14 -> 0 | Y13: ='Daily KPI Entry'!Y14 -> 0 | Z13: ='Daily KPI Entry'!Z14 -> 0 | AA13: ='Daily KPI Entry'!AA14 -> 0 | AB13: ='Daily KPI Entry'!AB14 -> 0 | AC13: ='Daily KPI Entry'!AC14 -> 0 | AD13: ='Daily KPI Entry'!AD14 -> 0 | AE13: ='Daily KPI Entry'!AE14 -> 0 | AF13: =IF(O13="","",SUM(X13:AE13)) -> 0 | AG13: =IF(O13="","",IFERROR(AF13/O13*1000,0)) -> 0 | AH13: ='Daily KPI Entry'!AH14 -> 0 | AI13: ='Daily KPI Entry'!AI14 -> 0 | AJ13: ='Daily KPI Entry'!AJ14 -> 0 | AK13: ='Daily KPI Entry'!AK14 -> 0 | AL13: ='Daily KPI Entry'!AL14 -> 0 | AM13: ='Daily KPI Entry'!AM14 -> 0 | AN13: =IF(P13="","",MIN(120,P13)) -> 79.636364 | AO13: =IF(U13="","",MIN(120,U13)) | AP13: =IF(R13="","",MIN(120,IFERROR(S13/R13*100,0))) -> 0 | AQ13: =IF(W13="","",MIN(120,IF(W13=0,120,100*(INDEX('Standards & Scoring'!$E$5:$E$13,MATCH("Quality / Rejection",'Standards & Scoring'!$A$5:$A$13,0))/W13)))) -> 120 | AR13: =IF(AG13="","",MIN(120,IF(AG13=0,120,100*(INDEX('Standards & Scoring'!$E$5:$E$13,MATCH("Fault Control",'Standards & Scoring'!$A$5:$A$13,0))/AG13)))) -> 120 | AS13: =IF(O13="","",MIN(120,IF(SUMIFS('Fault & Downtime Entry'!$L$6:$L$1005,'Fault & Downtime Entry'!$E$6:$E$1005,G13,'Fault & Downtime Entry'!$B$6:$B$1005,B13)=0,120,100*(INDEX('Standards & Scoring'!$E$5:$E$13,MATCH("Downtime Control",'Standards & Scoring'!$A$5:$A$13,0))/IFERROR(SUMIFS('Fault & Downtime Entry'!$L$6:$L$1005,'Fault & Downtime Entry'!$E$6:$E$1005,G13,'Fault & Downtime Entry'!$B$6:$B$1005,B13)/O13*1000,999999))))) -> 120 | AT13: =IF(COUNTA(AH13,AJ13)=0,"",MIN(120,IF(AND(AH13<>"",AJ13<>""),AVERAGE(AH13,AJ13),IF(AH13<>"",AH13,AJ13)))) -> 0 | AU13: =IF(AI13="","",MIN(120,AI13)) | AV13: =IF(AJ13="","",MIN(120,AJ13)) | AW13: =IF(COUNT(AN13:AV13)<9,"",(AN13*'Standards & Scoring'!$D$5+AO13*'Standards & Scoring'!$D$6+AP13*'Standards & Scoring'!$D$7+AQ13*'Standards & Scoring'!$D$8+AR13*'Standards & Scoring'!$D$9+AS13*'Standards & Scoring'!$D$10+AT13*'Standards & Scoring'!$D$11+AU13*'Standards & Scoring'!$D$12+AV13*'Standards & Scoring'!$D$13)/10000) | AX13: =IF(AW13="","",IF(AW13>=1.05,"A+",IF(AW13>=1,"A",IF(AW13>=0.95,"B+",IF(AW13>=0.9,"B","C"))))) | AY13: =IF(AX13="","",IF(AX13="A+",1800,IF(AX13="A",1600,IF(AX13="B+",1400,IF(AX13="B",1200,0))))) | AZ13: =IF(OR(L13="",M13="",S13="",M13=0),"",IFERROR(L13*60*S13/(M13*36),0))
A14: ='Daily KPI Entry'!A15 -> 10 | B14: ='Daily KPI Entry'!B15 -> 46288 | C14: ='Daily KPI Entry'!C15 -> 0 | D14: ='Daily KPI Entry'!D15 -> 0 | E14: ='Daily KPI Entry'!E15 -> 0 | F14: ='Daily KPI Entry'!F15 -> 0 | G14: ='Daily KPI Entry'!G15 -> STL005487 | H14: ='Daily KPI Entry'!H15 -> MD. JAHIDUL ISLAM HOWLADER | ... O14: ='Daily KPI Entry'!O15 -> 1187 | P14: =IF(OR(N14="",O14=""),"",IFERROR(O14/N14*100,0)) -> 69.823529 | Q14: ='Daily KPI Entry'!Q15 -> 8 | R14: =IF(J14="","",Q14*J14) -> 72 | S14: ='Daily KPI Entry'!S15 -> 0 | T14: =IF(OR(R14="",S14=""),"",IFERROR(S14/R14*100,0)) | U14: =IF(OR(O14="",L14="",M14="",S14="",M14=0),"",IFERROR(O14/(L14*60*S14/(M14*36))*100,0)) | V14: ='Daily KPI Entry'!V15 -> 0 | W14: =IF(O14="","",IFERROR(V14/O14*100,0)) -> 0 | X14: ='Daily KPI Entry'!X15 -> 0 | Y14: ='Daily KPI Entry'!Y15 -> 0 | Z14: ='Daily KPI Entry'!Z15 -> 0 | AA14: ='Daily KPI Entry'!AA15 -> 0 | AB14: ='Daily KPI Entry'!AB15 -> 0 | AC14: ='Daily KPI Entry'!AC15 -> 0 | AD14: ='Daily KPI Entry'!AD15 -> 0 | AE14: ='Daily KPI Entry'!AE15 -> 0 | AF14: =IF(O14="","",SUM(X14:AE14)) -> 0 | AG14: =IF(O14="","",IFERROR(AF14/O14*1000,0)) -> 0 | AH14: ='Daily KPI Entry'!AH15 -> 0 | AI14: ='Daily KPI Entry'!AI15 -> 0 | AJ14: ='Daily KPI Entry'!AJ15 -> 0 | AK14: ='Daily KPI Entry'!AK15 -> 0 | AL14: ='Daily KPI Entry'!AL15 -> 0 | AM14: ='Daily KPI Entry'!AM15 -> 0 | AN14: =IF(P14="","",MIN(120,P14)) -> 69.823529 | AO14: =IF(U14="","",MIN(120,U14)) | AP14: =IF(R14="","",MIN(120,IFERROR(S14/R14*100,0))) -> 0 | AQ14: =IF(W14="","",MIN(120,IF(W14=0,120,100*(INDEX('Standards & Scoring'!$E$5:$E$13,MATCH("Quality / Rejection",'Standards & Scoring'!$A$5:$A$13,0))/W14)))) -> 120 | AR14: =IF(AG14="","",MIN(120,IF(AG14=0,120,100*(INDEX('Standards & Scoring'!$E$5:$E$13,MATCH("Fault Control",'Standards & Scoring'!$A$5:$A$13,0))/AG14)))) -> 120 | AS14: =IF(O14="","",MIN(120,IF(SUMIFS('Fault & Downtime Entry'!$L$6:$L$1005,'Fault & Downtime Entry'!$E$6:$E$1005,G14,'Fault & Downtime Entry'!$B$6:$B$1005,B14)=0,120,100*(INDEX('Standards & Scoring'!$E$5:$E$13,MATCH("Downtime Control",'Standards & Scoring'!$A$5:$A$13,0))/IFERROR(SUMIFS('Fault & Downtime Entry'!$L$6:$L$1005,'Fault & Downtime Entry'!$E$6:$E$1005,G14,'Fault & Downtime Entry'!$B$6:$B$1005,B14)/O14*1000,999999))))) -> 120 | AT14: =IF(COUNTA(AH14,AJ14)=0,"",MIN(120,IF(AND(AH14<>"",AJ14<>""),AVERAGE(AH14,AJ14),IF(AH14<>"",AH14,AJ14)))) -> 0 | AU14: =IF(AI14="","",MIN(120,AI14)) | AV14: =IF(AJ14="","",MIN(120,AJ14)) | AW14: =IF(COUNT(AN14:AV14)<9,"",(AN14*'Standards & Scoring'!$D$5+AO14*'Standards & Scoring'!$D$6+AP14*'Standards & Scoring'!$D$7+AQ14*'Standards & Scoring'!$D$8+AR14*'Standards & Scoring'!$D$9+AS14*'Standards & Scoring'!$D$10+AT14*'Standards & Scoring'!$D$11+AU14*'Standards & Scoring'!$D$12+AV14*'Standards & Scoring'!$D$13)/10000) | AX14: =IF(AW14="","",IF(AW14>=1.05,"A+",IF(AW14>=1,"A",IF(AW14>=0.95,"B+",IF(AW14>=0.9,"B","C"))))) | AY14: =IF(AX14="","",IF(AX14="A+",1800,IF(AX14="A",1600,IF(AX14="B+",1400,IF(AX14="B",1200,0))))) | AZ14: =IF(OR(L14="",M14="",S14="",M14=0),"",IFERROR(L14*60*S14/(M14*36),0))
A15: ='Daily KPI Entry'!A16 -> 11 | B15: ='Daily KPI Entry'!B16 -> 46288 | C15: ='Daily KPI Entry'!C16 -> 0 | D15: ='Daily KPI Entry'!D16 -> 0 | E15: ='Daily KPI Entry'!E16 -> 0 | F15: ='Daily KPI Entry'!F16 -> 0 | G15: ='Daily KPI Entry'!G16 -> STL005511 | H15: ='Daily KPI Entry'!H16 -> MD. RIPON MIA-2 | ... O15: ='Daily KPI Entry'!O16 -> 1265 | P15: =IF(OR(N15="",O15=""),"",IFERROR(O15/N15*100,0)) -> 70.277778 | Q15: ='Daily KPI Entry'!Q16 -> 8 | R15: =IF(J15="","",Q15*J15) -> 80 | S15: ='Daily KPI Entry'!S16 -> 0 | T15: =IF(OR(R15="",S15=""),"",IFERROR(S15/R15*100,0)) | U15: =IF(OR(O15="",L15="",M15="",S15="",M15=0),"",IFERROR(O15/(L15*60*S15/(M15*36))*100,0)) | V15: ='Daily KPI Entry'!V16 -> 0 | W15: =IF(O15="","",IFERROR(V15/O15*100,0)) -> 0 | X15: ='Daily KPI Entry'!X16 -> 0 | Y15: ='Daily KPI Entry'!Y16 -> 0 | Z15: ='Daily KPI Entry'!Z16 -> 0 | AA15: ='Daily KPI Entry'!AA16 -> 0 | AB15: ='Daily KPI Entry'!AB16 -> 0 | AC15: ='Daily KPI Entry'!AC16 -> 0 | AD15: ='Daily KPI Entry'!AD16 -> 0 | AE15: ='Daily KPI Entry'!AE16 -> 0 | AF15: =IF(O15="","",SUM(X15:AE15)) -> 0 | AG15: =IF(O15="","",IFERROR(AF15/O15*1000,0)) -> 0 | AH15: ='Daily KPI Entry'!AH16 -> 0 | AI15: ='Daily KPI Entry'!AI16 -> 0 | AJ15: ='Daily KPI Entry'!AJ16 -> 0 | AK15: ='Daily KPI Entry'!AK16 -> 0 | AL15: ='Daily KPI Entry'!AL16 -> 0 | AM15: ='Daily KPI Entry'!AM16 -> 0 | AN15: =IF(P15="","",MIN(120,P15)) -> 70.277778 | AO15: =IF(U15="","",MIN(120,U15)) | AP15: =IF(R15="","",MIN(120,IFERROR(S15/R15*100,0))) -> 0 | AQ15: =IF(W15="","",MIN(120,IF(W15=0,120,100*(INDEX('Standards & Scoring'!$E$5:$E$13,MATCH("Quality / Rejection",'Standards & Scoring'!$A$5:$A$13,0))/W15)))) -> 120 | AR15: =IF(AG15="","",MIN(120,IF(AG15=0,120,100*(INDEX('Standards & Scoring'!$E$5:$E$13,MATCH("Fault Control",'Standards & Scoring'!$A$5:$A$13,0))/AG15)))) -> 120 | AS15: =IF(O15="","",MIN(120,IF(SUMIFS('Fault & Downtime Entry'!$L$6:$L$1005,'Fault & Downtime Entry'!$E$6:$E$1005,G15,'Fault & Downtime Entry'!$B$6:$B$1005,B15)=0,120,100*(INDEX('Standards & Scoring'!$E$5:$E$13,MATCH("Downtime Control",'Standards & Scoring'!$A$5:$A$13,0))/IFERROR(SUMIFS('Fault & Downtime Entry'!$L$6:$L$1005,'Fault & Downtime Entry'!$E$6:$E$1005,G15,'Fault & Downtime Entry'!$B$6:$B$1005,B15)/O15*1000,999999))))) -> 120 | AT15: =IF(COUNTA(AH15,AJ15)=0,"",MIN(120,IF(AND(AH15<>"",AJ15<>""),AVERAGE(AH15,AJ15),IF(AH15<>"",AH15,AJ15)))) -> 0 | AU15: =IF(AI15="","",MIN(120,AI15)) | AV15: =IF(AJ15="","",MIN(120,AJ15)) | AW15: =IF(COUNT(AN15:AV15)<9,"",(AN15*'Standards & Scoring'!$D$5+AO15*'Standards & Scoring'!$D$6+AP15*'Standards & Scoring'!$D$7+AQ15*'Standards & Scoring'!$D$8+AR15*'Standards & Scoring'!$D$9+AS15*'Standards & Scoring'!$D$10+AT15*'Standards & Scoring'!$D$11+AU15*'Standards & Scoring'!$D$12+AV15*'Standards & Scoring'!$D$13)/10000) | AX15: =IF(AW15="","",IF(AW15>=1.05,"A+",IF(AW15>=1,"A",IF(AW15>=0.95,"B+",IF(AW15>=0.9,"B","C"))))) | AY15: =IF(AX15="","",IF(AX15="A+",1800,IF(AX15="A",1600,IF(AX15="B+",1400,IF(AX15="B",1200,0))))) | AZ15: =IF(OR(L15="",M15="",S15="",M15=0),"",IFERROR(L15*60*S15/(M15*36),0))
A16: ='Daily KPI Entry'!A17 -> 12 | B16: ='Daily KPI Entry'!B17 -> 46288 | C16: ='Daily KPI Entry'!C17 -> 0 | D16: ='Daily KPI Entry'!D17 -> 0 | E16: ='Daily KPI Entry'!E17 -> 0 | F16: ='Daily KPI Entry'!F17 -> 0 | G16: ='Daily KPI Entry'!G17 -> STL005516 | H16: ='Daily KPI Entry'!H17 -> GOULAM RABBANI | ... O16: ='Daily KPI Entry'!O17 -> 1292 | P16: =IF(OR(N16="",O16=""),"",IFERROR(O16/N16*100,0)) -> 76 | Q16: ='Daily KPI Entry'!Q17 -> 8 | R16: =IF(J16="","",Q16*J16) -> 80 | S16: ='Daily KPI Entry'!S17 -> 0 | T16: =IF(OR(R16="",S16=""),"",IFERROR(S16/R16*100,0)) | U16: =IF(OR(O16="",L16="",M16="",S16="",M16=0),"",IFERROR(O16/(L16*60*S16/(M16*36))*100,0)) | V16: ='Daily KPI Entry'!V17 -> 0 | W16: =IF(O16="","",IFERROR(V16/O16*100,0)) -> 0 | X16: ='Daily KPI Entry'!X17 -> 0 | Y16: ='Daily KPI Entry'!Y17 -> 0 | Z16: ='Daily KPI Entry'!Z17 -> 0 | AA16: ='Daily KPI Entry'!AA17 -> 0 | AB16: ='Daily KPI Entry'!AB17 -> 0 | AC16: ='Daily KPI Entry'!AC17 -> 0 | AD16: ='Daily KPI Entry'!AD17 -> 0 | AE16: ='Daily KPI Entry'!AE17 -> 0 | AF16: =IF(O16="","",SUM(X16:AE16)) -> 0 | AG16: =IF(O16="","",IFERROR(AF16/O16*1000,0)) -> 0 | AH16: ='Daily KPI Entry'!AH17 -> 0 | AI16: ='Daily KPI Entry'!AI17 -> 0 | AJ16: ='Daily KPI Entry'!AJ17 -> 0 | AK16: ='Daily KPI Entry'!AK17 -> 0 | AL16: ='Daily KPI Entry'!AL17 -> 0 | AM16: ='Daily KPI Entry'!AM17 -> 0 | AN16: =IF(P16="","",MIN(120,P16)) -> 76 | AO16: =IF(U16="","",MIN(120,U16)) | AP16: =IF(R16="","",MIN(120,IFERROR(S16/R16*100,0))) -> 0 | AQ16: =IF(W16="","",MIN(120,IF(W16=0,120,100*(INDEX('Standards & Scoring'!$E$5:$E$13,MATCH("Quality / Rejection",'Standards & Scoring'!$A$5:$A$13,0))/W16)))) -> 120 | AR16: =IF(AG16="","",MIN(120,IF(AG16=0,120,100*(INDEX('Standards & Scoring'!$E$5:$E$13,MATCH("Fault Control",'Standards & Scoring'!$A$5:$A$13,0))/AG16)))) -> 120 | AS16: =IF(O16="","",MIN(120,IF(SUMIFS('Fault & Downtime Entry'!$L$6:$L$1005,'Fault & Downtime Entry'!$E$6:$E$1005,G16,'Fault & Downtime Entry'!$B$6:$B$1005,B16)=0,120,100*(INDEX('Standards & Scoring'!$E$5:$E$13,MATCH("Downtime Control",'Standards & Scoring'!$A$5:$A$13,0))/IFERROR(SUMIFS('Fault & Downtime Entry'!$L$6:$L$1005,'Fault & Downtime Entry'!$E$6:$E$1005,G16,'Fault & Downtime Entry'!$B$6:$B$1005,B16)/O16*1000,999999))))) -> 120 | AT16: =IF(COUNTA(AH16,AJ16)=0,"",MIN(120,IF(AND(AH16<>"",AJ16<>""),AVERAGE(AH16,AJ16),IF(AH16<>"",AH16,AJ16)))) -> 0 | AU16: =IF(AI16="","",MIN(120,AI16)) | AV16: =IF(AJ16="","",MIN(120,AJ16)) | AW16: =IF(COUNT(AN16:AV16)<9,"",(AN16*'Standards & Scoring'!$D$5+AO16*'Standards & Scoring'!$D$6+AP16*'Standards & Scoring'!$D$7+AQ16*'Standards & Scoring'!$D$8+AR16*'Standards & Scoring'!$D$9+AS16*'Standards & Scoring'!$D$10+AT16*'Standards & Scoring'!$D$11+AU16*'Standards & Scoring'!$D$12+AV16*'Standards & Scoring'!$D$13)/10000) | AX16: =IF(AW16="","",IF(AW16>=1.05,"A+",IF(AW16>=1,"A",IF(AW16>=0.95,"B+",IF(AW16>=0.9,"B","C"))))) | AY16: =IF(AX16="","",IF(AX16="A+",1800,IF(AX16="A",1600,IF(AX16="B+",1400,IF(AX16="B",1200,0))))) | AZ16: =IF(OR(L16="",M16="",S16="",M16=0),"",IFERROR(L16*60*S16/(M16*36),0))
... A504: ='Daily KPI Entry'!A505 -> 0 | B504: ='Daily KPI Entry'!B505 -> 0 | C504: ='Daily KPI Entry'!C505 -> 0 | D504: ='Daily KPI Entry'!D505 -> 0 | E504: ='Daily KPI Entry'!E505 -> 0 | F504: ='Daily KPI Entry'!F505 -> 0 | G504: ='Daily KPI Entry'!G505 -> 0 | H504: ='Daily KPI Entry'!H505 | ... O504: ='Daily KPI Entry'!O505 -> 0 | P504: =IF(OR(N504="",O504=""),"",IFERROR(O504/N504*100,0)) | Q504: ='Daily KPI Entry'!Q505 -> 8 | R504: =IF(J504="","",Q504*J504) | S504: ='Daily KPI Entry'!S505 -> 0 | T504: =IF(OR(R504="",S504=""),"",IFERROR(S504/R504*100,0)) | U504: =IF(OR(O504="",L504="",M504="",S504="",M504=0),"",IFERROR(O504/(L504*60*S504/(M504*36))*100,0)) | V504: ='Daily KPI Entry'!V505 -> 0 | W504: =IF(O504="","",IFERROR(V504/O504*100,0)) | X504: ='Daily KPI Entry'!X505 -> 0 | Y504: ='Daily KPI Entry'!Y505 -> 0 | Z504: ='Daily KPI Entry'!Z505 -> 0 | AA504: ='Daily KPI Entry'!AA505 -> 0 | AB504: ='Daily KPI Entry'!AB505 -> 0 | AC504: ='Daily KPI Entry'!AC505 -> 0 | AD504: ='Daily KPI Entry'!AD505 -> 0 | AE504: ='Daily KPI Entry'!AE505 -> 0 | AF504: =IF(O504="","",SUM(X504:AE504)) | AG504: =IF(O504="","",IFERROR(AF504/O504*1000,0)) | AH504: ='Daily KPI Entry'!AH505 -> 0 | AI504: ='Daily KPI Entry'!AI505 -> 0 | AJ504: ='Daily KPI Entry'!AJ505 -> 0 | AK504: ='Daily KPI Entry'!AK505 -> 0 | AL504: ='Daily KPI Entry'!AL505 -> 0 | AM504: ='Daily KPI Entry'!AM505 -> 0 | AN504: =IF(P504="","",MIN(120,P504)) | AO504: =IF(U504="","",MIN(120,U504)) | AP504: =IF(R504="","",MIN(120,IFERROR(S504/R504*100,0))) | AQ504: =IF(W504="","",MIN(120,IF(W504=0,120,100*(INDEX('Standards & Scoring'!$E$5:$E$13,MATCH("Quality / Rejection",'Standards & Scoring'!$A$5:$A$13,0))/W504)))) | AR504: =IF(AG504="","",MIN(120,IF(AG504=0,120,100*(INDEX('Standards & Scoring'!$E$5:$E$13,MATCH("Fault Control",'Standards & Scoring'!$A$5:$A$13,0))/AG504)))) | AS504: =IF(O504="","",MIN(120,IF(SUMIFS('Fault & Downtime Entry'!$L$6:$L$1005,'Fault & Downtime Entry'!$E$6:$E$1005,G504,'Fault & Downtime Entry'!$B$6:$B$1005,B504)=0,120,100*(INDEX('Standards & Scoring'!$E$5:$E$13,MATCH("Downtime Control",'Standards & Scoring'!$A$5:$A$13,0))/IFERROR(SUMIFS('Fault & Downtime Entry'!$L$6:$L$1005,'Fault & Downtime Entry'!$E$6:$E$1005,G504,'Fault & Downtime Entry'!$B$6:$B$1005,B504)/O504*1000,999999))))) | AT504: =IF(COUNTA(AH504,AJ504)=0,"",MIN(120,IF(AND(AH504<>"",AJ504<>""),AVERAGE(AH504,AJ504),IF(AH504<>"",AH504,AJ504)))) -> 0 | AU504: =IF(AI504="","",MIN(120,AI504)) | AV504: =IF(AJ504="","",MIN(120,AJ504)) | AW504: =IF(COUNT(AN504:AV504)<9,"",(AN504*'Standards & Scoring'!$D$5+AO504*'Standards & Scoring'!$D$6+AP504*'Standards & Scoring'!$D$7+AQ504*'Standards & Scoring'!$D$8+AR504*'Standards & Scoring'!$D$9+AS504*'Standards & Scoring'!$D$10+AT504*'Standards & Scoring'!$D$11+AU504*'Standards & Scoring'!$D$12+AV504*'Standards & Scoring'!$D$13)/10000) | AX504: =IF(AW504="","",IF(AW504>=1.05,"A+",IF(AW504>=1,"A",IF(AW504>=0.95,"B+",IF(AW504>=0.9,"B","C"))))) | AY504: =IF(AX504="","",IF(AX504="A+",1800,IF(AX504="A",1600,IF(AX504="B+",1400,IF(AX504="B",1200,0))))) | AZ504: =IF(OR(L504="",M504="",S504="",M504=0),"",IFERROR(L504*60*S504/(M504*36),0))

Sheet Loom Fault Downtime
A1: STL FU — WEAVING | LOOM-WISE FAULT & DOWNTIME DATABASE
A3: Backend fault database linked from Fault & Downtime Entry. Do not type here during routine operation.
A4: Fault Log ID | B4: Date | C4: Actual Shift | D4: Loom No | E4: Operator ID | F4: Operator Name | G4: Fault Code | H4: Fault Category | I4: Fault Name | J4: Frequency | K4: Affected Yds | L4: Downtime Min | M4: Severity | N4: Responsibility | O4: Root Cause / Corrective Action | P4: Faults / 1000 Yd | Q4: Downtime / 1000 Yd | R4: High Severity Flag
A5: ='Fault & Downtime Entry'!A6 -> 1 | B5: ='Fault & Downtime Entry'!B6 -> 0 | C5: ='Fault & Downtime Entry'!C6 -> 0 | D5: ='Fault & Downtime Entry'!D6 -> 0 | E5: ='Fault & Downtime Entry'!E6 -> 0 | F5: ='Fault & Downtime Entry'!F6 | G5: ='Fault & Downtime Entry'!G6 -> 0 | H5: ='Fault & Downtime Entry'!H6 | ... O5: ='Fault & Downtime Entry'!O6 -> 0 | P5: =IF(OR(J5="",K5=""),"",IFERROR(J5/K5*1000,0)) | Q5: =IF(OR(L5="",K5=""),"",IFERROR(L5/K5*1000,0)) | R5: =IF(OR(M5="High",M5="Critical"),"YES","")
A6: ='Fault & Downtime Entry'!A7 -> 2 | B6: ='Fault & Downtime Entry'!B7 -> 0 | C6: ='Fault & Downtime Entry'!C7 -> 0 | D6: ='Fault & Downtime Entry'!D7 -> 0 | E6: ='Fault & Downtime Entry'!E7 -> 0 | F6: ='Fault & Downtime Entry'!F7 | G6: ='Fault & Downtime Entry'!G7 -> 0 | H6: ='Fault & Downtime Entry'!H7 | ... O6: ='Fault & Downtime Entry'!O7 -> 0 | P6: =IF(OR(J6="",K6=""),"",IFERROR(J6/K6*1000,0)) | Q6: =IF(OR(L6="",K6=""),"",IFERROR(L6/K6*1000,0)) | R6: =IF(OR(M6="High",M6="Critical"),"YES","")
A7: ='Fault & Downtime Entry'!A8 -> 3 | B7: ='Fault & Downtime Entry'!B8 -> 0 | C7: ='Fault & Downtime Entry'!C8 -> 0 | D7: ='Fault & Downtime Entry'!D8 -> 0 | E7: ='Fault & Downtime Entry'!E8 -> 0 | F7: ='Fault & Downtime Entry'!F8 | G7: ='Fault & Downtime Entry'!G8 -> 0 | H7: ='Fault & Downtime Entry'!H8 | ... O7: ='Fault & Downtime Entry'!O8 -> 0 | P7: =IF(OR(J7="",K7=""),"",IFERROR(J7/K7*1000,0)) | Q7: =IF(OR(L7="",K7=""),"",IFERROR(L7/K7*1000,0)) | R7: =IF(OR(M7="High",M7="Critical"),"YES","")
A8: ='Fault & Downtime Entry'!A9 -> 4 | B8: ='Fault & Downtime Entry'!B9 -> 0 | C8: ='Fault & Downtime Entry'!C9 -> 0 | D8: ='Fault & Downtime Entry'!D9 -> 0 | E8: ='Fault & Downtime Entry'!E9 -> 0 | F8: ='Fault & Downtime Entry'!F9 | G8: ='Fault & Downtime Entry'!G9 -> 0 | H8: ='Fault & Downtime Entry'!H9 | ... O8: ='Fault & Downtime Entry'!O9 -> 0 | P8: =IF(OR(J8="",K8=""),"",IFERROR(J8/K8*1000,0)) | Q8: =IF(OR(L8="",K8=""),"",IFERROR(L8/K8*1000,0)) | R8: =IF(OR(M8="High",M8="Critical"),"YES","")
A9: ='Fault & Downtime Entry'!A10 -> 5 | B9: ='Fault & Downtime Entry'!B10 -> 0 | C9: ='Fault & Downtime Entry'!C10 -> 0 | D9: ='Fault & Downtime Entry'!D10 -> 0 | E9: ='Fault & Downtime Entry'!E10 -> 0 | F9: ='Fault & Downtime Entry'!F10 | G9: ='Fault & Downtime Entry'!G10 -> 0 | H9: ='Fault & Downtime Entry'!H10 | ... O9: ='Fault & Downtime Entry'!O10 -> 0 | P9: =IF(OR(J9="",K9=""),"",IFERROR(J9/K9*1000,0)) | Q9: =IF(OR(L9="",K9=""),"",IFERROR(L9/K9*1000,0)) | R9: =IF(OR(M9="High",M9="Critical"),"YES","")
A10: ='Fault & Downtime Entry'!A11 -> 6 | B10: ='Fault & Downtime Entry'!B11 -> 0 | C10: ='Fault & Downtime Entry'!C11 -> 0 | D10: ='Fault & Downtime Entry'!D11 -> 0 | E10: ='Fault & Downtime Entry'!E11 -> 0 | F10: ='Fault & Downtime Entry'!F11 | G10: ='Fault & Downtime Entry'!G11 -> 0 | H10: ='Fault & Downtime Entry'!H11 | ... O10: ='Fault & Downtime Entry'!O11 -> 0 | P10: =IF(OR(J10="",K10=""),"",IFERROR(J10/K10*1000,0)) | Q10: =IF(OR(L10="",K10=""),"",IFERROR(L10/K10*1000,0)) | R10: =IF(OR(M10="High",M10="Critical"),"YES","")
A11: ='Fault & Downtime Entry'!A12 -> 7 | B11: ='Fault & Downtime Entry'!B12 -> 0 | C11: ='Fault & Downtime Entry'!C12 -> 0 | D11: ='Fault & Downtime Entry'!D12 -> 0 | E11: ='Fault & Downtime Entry'!E12 -> 0 | F11: ='Fault & Downtime Entry'!F12 | G11: ='Fault & Downtime Entry'!G12 -> 0 | H11: ='Fault & Downtime Entry'!H12 | ... O11: ='Fault & Downtime Entry'!O12 -> 0 | P11: =IF(OR(J11="",K11=""),"",IFERROR(J11/K11*1000,0)) | Q11: =IF(OR(L11="",K11=""),"",IFERROR(L11/K11*1000,0)) | R11: =IF(OR(M11="High",M11="Critical"),"YES","")
A12: ='Fault & Downtime Entry'!A13 -> 8 | B12: ='Fault & Downtime Entry'!B13 -> 0 | C12: ='Fault & Downtime Entry'!C13 -> 0 | D12: ='Fault & Downtime Entry'!D13 -> 0 | E12: ='Fault & Downtime Entry'!E13 -> 0 | F12: ='Fault & Downtime Entry'!F13 | G12: ='Fault & Downtime Entry'!G13 -> 0 | H12: ='Fault & Downtime Entry'!H13 | ... O12: ='Fault & Downtime Entry'!O13 -> 0 | P12: =IF(OR(J12="",K12=""),"",IFERROR(J12/K12*1000,0)) | Q12: =IF(OR(L12="",K12=""),"",IFERROR(L12/K12*1000,0)) | R12: =IF(OR(M12="High",M12="Critical"),"YES","")
A13: ='Fault & Downtime Entry'!A14 -> 9 | B13: ='Fault & Downtime Entry'!B14 -> 0 | C13: ='Fault & Downtime Entry'!C14 -> 0 | D13: ='Fault & Downtime Entry'!D14 -> 0 | E13: ='Fault & Downtime Entry'!E14 -> 0 | F13: ='Fault & Downtime Entry'!F14 | G13: ='Fault & Downtime Entry'!G14 -> 0 | H13: ='Fault & Downtime Entry'!H14 | ... O13: ='Fault & Downtime Entry'!O14 -> 0 | P13: =IF(OR(J13="",K13=""),"",IFERROR(J13/K13*1000,0)) | Q13: =IF(OR(L13="",K13=""),"",IFERROR(L13/K13*1000,0)) | R13: =IF(OR(M13="High",M13="Critical"),"YES","")
A14: ='Fault & Downtime Entry'!A15 -> 10 | B14: ='Fault & Downtime Entry'!B15 -> 0 | C14: ='Fault & Downtime Entry'!C15 -> 0 | D14: ='Fault & Downtime Entry'!D15 -> 0 | E14: ='Fault & Downtime Entry'!E15 -> 0 | F14: ='Fault & Downtime Entry'!F15 | G14: ='Fault & Downtime Entry'!G15 -> 0 | H14: ='Fault & Downtime Entry'!H15 | ... O14: ='Fault & Downtime Entry'!O15 -> 0 | P14: =IF(OR(J14="",K14=""),"",IFERROR(J14/K14*1000,0)) | Q14: =IF(OR(L14="",K14=""),"",IFERROR(L14/K14*1000,0)) | R14: =IF(OR(M14="High",M14="Critical"),"YES","")
A15: ='Fault & Downtime Entry'!A16 -> 11 | B15: ='Fault & Downtime Entry'!B16 -> 0 | C15: ='Fault & Downtime Entry'!C16 -> 0 | D15: ='Fault & Downtime Entry'!D16 -> 0 | E15: ='Fault & Downtime Entry'!E16 -> 0 | F15: ='Fault & Downtime Entry'!F16 | G15: ='Fault & Downtime Entry'!G16 -> 0 | H15: ='Fault & Downtime Entry'!H16 | ... O15: ='Fault & Downtime Entry'!O16 -> 0 | P15: =IF(OR(J15="",K15=""),"",IFERROR(J15/K15*1000,0)) | Q15: =IF(OR(L15="",K15=""),"",IFERROR(L15/K15*1000,0)) | R15: =IF(OR(M15="High",M15="Critical"),"YES","")
A16: ='Fault & Downtime Entry'!A17 -> 12 | B16: ='Fault & Downtime Entry'!B17 -> 0 | C16: ='Fault & Downtime Entry'!C17 -> 0 | D16: ='Fault & Downtime Entry'!D17 -> 0 | E16: ='Fault & Downtime Entry'!E17 -> 0 | F16: ='Fault & Downtime Entry'!F17 | G16: ='Fault & Downtime Entry'!G17 -> 0 | H16: ='Fault & Downtime Entry'!H17 | ... O16: ='Fault & Downtime Entry'!O17 -> 0 | P16: =IF(OR(J16="",K16=""),"",IFERROR(J16/K16*1000,0)) | Q16: =IF(OR(L16="",K16=""),"",IFERROR(L16/K16*1000,0)) | R16: =IF(OR(M16="High",M16="Critical"),"YES","")
... A1004: ='Fault & Downtime Entry'!A1005 -> 1000 | B1004: ='Fault & Downtime Entry'!B1005 -> 0 | C1004: ='Fault & Downtime Entry'!C1005 -> 0 | D1004: ='Fault & Downtime Entry'!D1005 -> 0 | E1004: ='Fault & Downtime Entry'!E1005 -> 0 | F1004: ='Fault & Downtime Entry'!F1005 | G1004: ='Fault & Downtime Entry'!G1005 -> 0 | H1004: ='Fault & Downtime Entry'!H1005 | ... O1004: ='Fault & Downtime Entry'!O1005 -> 0 | P1004: =IF(OR(J1004="",K1004=""),"",IFERROR(J1004/K1004*1000,0)) | Q1004: =IF(OR(L1004="",K1004=""),"",IFERROR(L1004/K1004*1000,0)) | R1004: =IF(OR(M1004="High",M1004="Critical"),"YES","")

Sheet Operator View
A1: INDIVIDUAL WEAVING OPERATOR PERFORMANCE EVALUATION
A4: Operator ID | B4: STL005494 | D4: Operator Name | E4: =IFERROR(INDEX('Operator Master'!$B$5:$B$504,MATCH($B$4,'Operator Master'!$A$5:$A$504,0)),"") -> MD. MAHABUB ALAM | G4: Evaluation From | H4: 46288
A5: Evaluation To | B5: 46288 | D5: Supervisor | E5: =IFERROR(INDEX('Weaving KPI Data'!$I$5:$I$504,MATCH($B$4,'Weaving KPI Data'!$G$5:$G$504,0)),"") -> 0 | G5: Shift / Period | H5: All
G6: Change Evaluation From / To manually for another period.
A8: KPI Matrix | B8: Target | C8: Actual | D8: Achievement % | E8: Weight | F8: Weighted Score | G8: Evaluation
A9: Loom-wise Production | B9: =INDEX('Standards & Scoring'!$E$5:$E$13,MATCH("Production",'Standards & Scoring'!$A$5:$A$13,0)) -> 100 | C9: =IFERROR(SUMIFS('Weaving KPI Data'!$O$5:$O$504,'Weaving KPI Data'!$G$5:$G$504,$B$4,'Weaving KPI Data'!$B$5:$B$504,">="&$H$4,'Weaving KPI Data'!$B$5:$B$504,"<="&$B$5)/SUMIFS('Weaving KPI Data'!$N$5:$N$504,'Weaving KPI Data'!$G$5:$G$504,$B$4,'Weaving KPI Data'!$B$5:$B$504,">="&$H$4,'Weaving KPI Data'!$B$5:$B$504,"<="&$B$5)*100,"") -> 75.333333 | D9: =IF(C9="","",MIN(120,C9/B9*100)) -> 75.333333 | E9: =INDEX('Standards & Scoring'!$D$5:$D$13,MATCH("Production",'Standards & Scoring'!$A$5:$A$13,0))/100 -> 0.2 | F9: =IF(D9="","",MIN(D9,120)/100*E9) -> 0.15066667 | G9: =IF(C9="","",IF(D9>=100,"Meets / Exceeds",IF(D9>=95,"Near Target","Needs Attention"))) -> Needs Attention
A10: Loom Efficiency | B10: =INDEX('Standards & Scoring'!$E$5:$E$13,MATCH("Loom Efficiency",'Standards & Scoring'!$A$5:$A$13,0)) -> 85 | C10: =IFERROR(AVERAGEIFS('Weaving KPI Data'!$U$5:$U$504,'Weaving KPI Data'!$G$5:$G$504,$B$4,'Weaving KPI Data'!$B$5:$B$504,">="&$H$4,'Weaving KPI Data'!$B$5:$B$504,"<="&$B$5),"") -> 87.871938 | D10: =IF(C10="","",MIN(120,C10/B10*100)) -> 103.37875 | E10: =INDEX('Standards & Scoring'!$D$5:$D$13,MATCH("Loom Efficiency",'Standards & Scoring'!$A$5:$A$13,0))/100 -> 0.15 | F10: =IF(D10="","",MIN(D10,120)/100*E10) -> 0.15506813 | G10: =IF(C10="","",IF(D10>=100,"Meets / Exceeds",IF(D10>=95,"Near Target","Needs Attention"))) -> Meets / Exceeds
A11: Running / Availability | B11: =INDEX('Standards & Scoring'!$E$5:$E$13,MATCH("Running / Availability",'Standards & Scoring'!$A$5:$A$13,0)) -> 95 | C11: =IFERROR(SUMIFS('Weaving KPI Data'!$S$5:$S$504,'Weaving KPI Data'!$G$5:$G$504,$B$4,'Weaving KPI Data'!$B$5:$B$504,">="&$H$4,'Weaving KPI Data'!$B$5:$B$504,"<="&$B$5)/SUMIFS('Weaving KPI Data'!$R$5:$R$504,'Weaving KPI Data'!$G$5:$G$504,$B$4,'Weaving KPI Data'!$B$5:$B$504,">="&$H$4,'Weaving KPI Data'!$B$5:$B$504,"<="&$B$5)*100,"") -> 95.3125 | D11: =IF(C11="","",MIN(120,C11/B11*100)) -> 100.32895 | E11: =INDEX('Standards & Scoring'!$D$5:$D$13,MATCH("Running / Availability",'Standards & Scoring'!$A$5:$A$13,0))/100 -> 0.15 | F11: =IF(D11="","",MIN(D11,120)/100*E11) -> 0.15049342 | G11: =IF(C11="","",IF(D11>=100,"Meets / Exceeds",IF(D11>=95,"Near Target","Needs Attention"))) -> Meets / Exceeds
A12: Quality / Rejection | B12: =INDEX('Standards & Scoring'!$E$5:$E$13,MATCH("Quality / Rejection",'Standards & Scoring'!$A$5:$A$13,0)) -> 1 | C12: =IFERROR(SUMIFS('Weaving KPI Data'!$V$5:$V$504,'Weaving KPI Data'!$G$5:$G$504,$B$4,'Weaving KPI Data'!$B$5:$B$504,">="&$H$4,'Weaving KPI Data'!$B$5:$B$504,"<="&$B$5)/SUMIFS('Weaving KPI Data'!$O$5:$O$504,'Weaving KPI Data'!$G$5:$G$504,$B$4,'Weaving KPI Data'!$B$5:$B$504,">="&$H$4,'Weaving KPI Data'!$B$5:$B$504,"<="&$B$5)*100,"") -> 2.8318584 | D12: =IF(C12="","",IF(C12=0,120,MIN(120,B12/C12*100))) -> 35.3125 | E12: =INDEX('Standards & Scoring'!$D$5:$D$13,MATCH("Quality / Rejection",'Standards & Scoring'!$A$5:$A$13,0))/100 -> 0.15 | F12: =IF(D12="","",MIN(D12,120)/100*E12) -> 0.05296875 | G12: =IF(C12="","",IF(D12>=100,"Meets / Exceeds",IF(D12>=95,"Near Target","Needs Attention"))) -> Needs Attention
A13: Fault Control | B13: =INDEX('Standards & Scoring'!$E$5:$E$13,MATCH("Fault Control",'Standards & Scoring'!$A$5:$A$13,0)) -> 10 | C13: =IFERROR(SUMIFS('Weaving KPI Data'!$AF$5:$AF$504,'Weaving KPI Data'!$G$5:$G$504,$B$4)/SUMIFS('Weaving KPI Data'!$O$5:$O$504,'Weaving KPI Data'!$G$5:$G$504,$B$4)*1000,"") -> 16.814159 | D13: =IF(C13="","",IF(C13=0,120,MIN(120,B13/C13*100))) -> 59.473684 | E13: =INDEX('Standards & Scoring'!$D$5:$D$13,MATCH("Fault Control",'Standards & Scoring'!$A$5:$A$13,0))/100 -> 0.1 | F13: =IF(D13="","",MIN(D13,120)/100*E13) -> 0.059473684 | G13: =IF(C13="","",IF(D13>=100,"Meets / Exceeds",IF(D13>=95,"Near Target","Needs Attention"))) -> Needs Attention
A14: Downtime Control | B14: =INDEX('Standards & Scoring'!$E$5:$E$13,MATCH("Downtime Control",'Standards & Scoring'!$A$5:$A$13,0)) -> 20 | C14: =IFERROR(SUMIFS('Weaving KPI Data'!$52:$52,'Weaving KPI Data'!$G$5:$G$504,$B$4),"") | D14: =IF(C14="","",IF(C14=0,120,MIN(120,B14/C14*100))) | E14: =INDEX('Standards & Scoring'!$D$5:$D$13,MATCH("Downtime Control",'Standards & Scoring'!$A$5:$A$13,0))/100 -> 0.1 | F14: =IF(D14="","",MIN(D14,120)/100*E14) | G14: =IF(C14="","",IF(D14>=100,"Meets / Exceeds",IF(D14>=95,"Near Target","Needs Attention")))
A15: Housekeeping / SOP | B15: =INDEX('Standards & Scoring'!$E$5:$E$13,MATCH("Housekeeping / SOP",'Standards & Scoring'!$A$5:$A$13,0)) -> 95 | C15: =IFERROR(AVERAGEIFS('Weaving KPI Data'!$AQ$5:$AQ$504,'Weaving KPI Data'!$G$5:$G$504,$B$4),"") -> 35.3125 | D15: =IF(C15="","",MIN(120,C15/B15*100)) -> 37.171053 | E15: =INDEX('Standards & Scoring'!$D$5:$D$13,MATCH("Housekeeping / SOP",'Standards & Scoring'!$A$5:$A$13,0))/100 -> 0.05 | F15: =IF(D15="","",MIN(D15,120)/100*E15) -> 0.018585526 | G15: =IF(C15="","",IF(D15>=100,"Meets / Exceeds",IF(D15>=95,"Near Target","Needs Attention"))) -> Needs Attention
A16: Attendance / Discipline | B16: =INDEX('Standards & Scoring'!$E$5:$E$13,MATCH("Attendance / Discipline",'Standards & Scoring'!$A$5:$A$13,0)) -> 100 | C16: =IFERROR(AVERAGEIFS('Weaving KPI Data'!$AU$5:$AU$504,'Weaving KPI Data'!$G$5:$G$504,$B$4),"") -> 100 | D16: =IF(C16="","",MIN(120,C16/B16*100)) -> 100 | E16: =INDEX('Standards & Scoring'!$D$5:$D$13,MATCH("Attendance / Discipline",'Standards & Scoring'!$A$5:$A$13,0))/100 -> 0.05 | F16: =IF(D16="","",MIN(D16,120)/100*E16) -> 0.05 | G16: =IF(C16="","",IF(D16>=100,"Meets / Exceeds",IF(D16>=95,"Near Target","Needs Attention"))) -> Meets / Exceeds
A17: Skill / Process Compliance | B17: =INDEX('Standards & Scoring'!$E$5:$E$13,MATCH("Skill / Process Compliance",'Standards & Scoring'!$A$5:$A$13,0)) -> 95 | C17: =IFERROR(AVERAGEIFS('Weaving KPI Data'!$AV$5:$AV$504,'Weaving KPI Data'!$G$5:$G$504,$B$4),"") -> 90 | D17: =IF(C17="","",MIN(120,C17/B17*100)) -> 94.736842 | E17: =INDEX('Standards & Scoring'!$D$5:$D$13,MATCH("Skill / Process Compliance",'Standards & Scoring'!$A$5:$A$13,0))/100 -> 0.05 | F17: =IF(D17="","",MIN(D17,120)/100*E17) -> 0.047368421 | G17: =IF(C17="","",IF(D17>=100,"Meets / Exceeds",IF(D17>=95,"Near Target","Needs Attention"))) -> Needs Attention
A18: OVERALL KPI SCORE | F18: =IF(COUNT(F9:F17)<9,"",SUM(F9:F17)) | G18: =IF(F18="","INCOMPLETE DATA",IF(F18>=1.05,"A+",IF(F18>=1,"A",IF(F18>=0.95,"B+",IF(F18>=0.9,"B","C"))))) -> INCOMPLETE DATA
A21: LOOM-WISE PRODUCTION & EFFICIENCY
A22: Date | B22: Shift | C22: Loom No(s) | D22: RPM | E22: Avg PPI | F22: Target yd | G22: Actual yd | H22: Efficiency % | I22: Reject yd | J22: Faults/1000 yd
A23: =IF($K23="","",INDEX('Weaving KPI Data'!$B$5:$B$504,$K23)) | B23: =IF($K23="","",INDEX('Weaving KPI Data'!$D$5:$D$504,$K23)) | C23: =IF($K23="","",INDEX('Weaving KPI Data'!$K$5:$K$504,$K23)) | D23: =IF($K23="","",INDEX('Weaving KPI Data'!$L$5:$L$504,$K23)) | E23: =IF($K23="","",INDEX('Weaving KPI Data'!$M$5:$M$504,$K23)) | F23: =IF($K23="","",INDEX('Weaving KPI Data'!$N$5:$N$504,$K23)) | G23: =IF($K23="","",INDEX('Weaving KPI Data'!$O$5:$O$504,$K23)) | H23: =IF($K23="","",INDEX('Weaving KPI Data'!$U$5:$U$504,$K23)) | I23: =IF($K23="","",INDEX('Weaving KPI Data'!$V$5:$V$504,$K23)) | J23: =IF($K23="","",INDEX('Weaving KPI Data'!$AG$5:$AG$504,$K23)) | K23: =IFERROR(aggregate(15,6,(ROW('Weaving KPI Data'!$B$5:$B$504)-ROW('Weaving KPI Data'!$B$5)+1)/(('Weaving KPI Data'!$G$5:$G$504=$B$4)*('Weaving KPI Data'!$B$5:$B$504>=$H$4)*('Weaving KPI Data'!$B$5:$B$504<=$B$5)),ROWS($A$1:A1)),"")
A24: =IF($K24="","",INDEX('Weaving KPI Data'!$B$5:$B$504,$K24)) | B24: =IF($K24="","",INDEX('Weaving KPI Data'!$D$5:$D$504,$K24)) | C24: =IF($K24="","",INDEX('Weaving KPI Data'!$K$5:$K$504,$K24)) | D24: =IF($K24="","",INDEX('Weaving KPI Data'!$L$5:$L$504,$K24)) | E24: =IF($K24="","",INDEX('Weaving KPI Data'!$M$5:$M$504,$K24)) | F24: =IF($K24="","",INDEX('Weaving KPI Data'!$N$5:$N$504,$K24)) | G24: =IF($K24="","",INDEX('Weaving KPI Data'!$O$5:$O$504,$K24)) | H24: =IF($K24="","",INDEX('Weaving KPI Data'!$U$5:$U$504,$K24)) | I24: =IF($K24="","",INDEX('Weaving KPI Data'!$V$5:$V$504,$K24)) | J24: =IF($K24="","",INDEX('Weaving KPI Data'!$AG$5:$AG$504,$K24)) | K24: =IFERROR(aggregate(15,6,(ROW('Weaving KPI Data'!$B$5:$B$504)-ROW('Weaving KPI Data'!$B$5)+1)/(('Weaving KPI Data'!$G$5:$G$504=$B$4)*('Weaving KPI Data'!$B$5:$B$504>=$H$4)*('Weaving KPI Data'!$B$5:$B$504<=$B$5)),ROWS($A$1:A2)),"")
A25: =IF($K25="","",INDEX('Weaving KPI Data'!$B$5:$B$504,$K25)) | B25: =IF($K25="","",INDEX('Weaving KPI Data'!$D$5:$D$504,$K25)) | C25: =IF($K25="","",INDEX('Weaving KPI Data'!$K$5:$K$504,$K25)) | D25: =IF($K25="","",INDEX('Weaving KPI Data'!$L$5:$L$504,$K25)) | E25: =IF($K25="","",INDEX('Weaving KPI Data'!$M$5:$M$504,$K25)) | F25: =IF($K25="","",INDEX('Weaving KPI Data'!$N$5:$N$504,$K25)) | G25: =IF($K25="","",INDEX('Weaving KPI Data'!$O$5:$O$504,$K25)) | H25: =IF($K25="","",INDEX('Weaving KPI Data'!$U$5:$U$504,$K25)) | I25: =IF($K25="","",INDEX('Weaving KPI Data'!$V$5:$V$504,$K25)) | J25: =IF($K25="","",INDEX('Weaving KPI Data'!$AG$5:$AG$504,$K25)) | K25: =IFERROR(aggregate(15,6,(ROW('Weaving KPI Data'!$B$5:$B$504)-ROW('Weaving KPI Data'!$B$5)+1)/(('Weaving KPI Data'!$G$5:$G$504=$B$4)*('Weaving KPI Data'!$B$5:$B$504>=$H$4)*('Weaving KPI Data'!$B$5:$B$504<=$B$5)),ROWS($A$1:A3)),"")
A26: =IF($K26="","",INDEX('Weaving KPI Data'!$B$5:$B$504,$K26)) | B26: =IF($K26="","",INDEX('Weaving KPI Data'!$D$5:$D$504,$K26)) | C26: =IF($K26="","",INDEX('Weaving KPI Data'!$K$5:$K$504,$K26)) | D26: =IF($K26="","",INDEX('Weaving KPI Data'!$L$5:$L$504,$K26)) | E26: =IF($K26="","",INDEX('Weaving KPI Data'!$M$5:$M$504,$K26)) | F26: =IF($K26="","",INDEX('Weaving KPI Data'!$N$5:$N$504,$K26)) | G26: =IF($K26="","",INDEX('Weaving KPI Data'!$O$5:$O$504,$K26)) | H26: =IF($K26="","",INDEX('Weaving KPI Data'!$U$5:$U$504,$K26)) | I26: =IF($K26="","",INDEX('Weaving KPI Data'!$V$5:$V$504,$K26)) | J26: =IF($K26="","",INDEX('Weaving KPI Data'!$AG$5:$AG$504,$K26)) | K26: =IFERROR(aggregate(15,6,(ROW('Weaving KPI Data'!$B$5:$B$504)-ROW('Weaving KPI Data'!$B$5)+1)/(('Weaving KPI Data'!$G$5:$G$504=$B$4)*('Weaving KPI Data'!$B$5:$B$504>=$H$4)*('Weaving KPI Data'!$B$5:$B$504<=$B$5)),ROWS($A$1:A4)),"")
A27: =IF($K27="","",INDEX('Weaving KPI Data'!$B$5:$B$504,$K27)) | B27: =IF($K27="","",INDEX('Weaving KPI Data'!$D$5:$D$504,$K27)) | C27: =IF($K27="","",INDEX('Weaving KPI Data'!$K$5:$K$504,$K27)) | D27: =IF($K27="","",INDEX('Weaving KPI Data'!$L$5:$L$504,$K27)) | E27: =IF($K27="","",INDEX('Weaving KPI Data'!$M$5:$M$504,$K27)) | F27: =IF($K27="","",INDEX('Weaving KPI Data'!$N$5:$N$504,$K27)) | G27: =IF($K27="","",INDEX('Weaving KPI Data'!$O$5:$O$504,$K27)) | H27: =IF($K27="","",INDEX('Weaving KPI Data'!$U$5:$U$504,$K27)) | I27: =IF($K27="","",INDEX('Weaving KPI Data'!$V$5:$V$504,$K27)) | J27: =IF($K27="","",INDEX('Weaving KPI Data'!$AG$5:$AG$504,$K27)) | K27: =IFERROR(aggregate(15,6,(ROW('Weaving KPI Data'!$B$5:$B$504)-ROW('Weaving KPI Data'!$B$5)+1)/(('Weaving KPI Data'!$G$5:$G$504=$B$4)*('Weaving KPI Data'!$B$5:$B$504>=$H$4)*('Weaving KPI Data'!$B$5:$B$504<=$B$5)),ROWS($A$1:A5)),"")
A28: =IF($K28="","",INDEX('Weaving KPI Data'!$B$5:$B$504,$K28)) | B28: =IF($K28="","",INDEX('Weaving KPI Data'!$D$5:$D$504,$K28)) | C28: =IF($K28="","",INDEX('Weaving KPI Data'!$K$5:$K$504,$K28)) | D28: =IF($K28="","",INDEX('Weaving KPI Data'!$L$5:$L$504,$K28)) | E28: =IF($K28="","",INDEX('Weaving KPI Data'!$M$5:$M$504,$K28)) | F28: =IF($K28="","",INDEX('Weaving KPI Data'!$N$5:$N$504,$K28)) | G28: =IF($K28="","",INDEX('Weaving KPI Data'!$O$5:$O$504,$K28)) | H28: =IF($K28="","",INDEX('Weaving KPI Data'!$U$5:$U$504,$K28)) | I28: =IF($K28="","",INDEX('Weaving KPI Data'!$V$5:$V$504,$K28)) | J28: =IF($K28="","",INDEX('Weaving KPI Data'!$AG$5:$AG$504,$K28)) | K28: =IFERROR(aggregate(15,6,(ROW('Weaving KPI Data'!$B$5:$B$504)-ROW('Weaving KPI Data'!$B$5)+1)/(('Weaving KPI Data'!$G$5:$G$504=$B$4)*('Weaving KPI Data'!$B$5:$B$504>=$H$4)*('Weaving KPI Data'!$B$5:$B$504<=$B$5)),ROWS($A$1:A6)),"")
A29: =IF($K29="","",INDEX('Weaving KPI Data'!$B$5:$B$504,$K29)) | B29: =IF($K29="","",INDEX('Weaving KPI Data'!$D$5:$D$504,$K29)) | C29: =IF($K29="","",INDEX('Weaving KPI Data'!$K$5:$K$504,$K29)) | D29: =IF($K29="","",INDEX('Weaving KPI Data'!$L$5:$L$504,$K29)) | E29: =IF($K29="","",INDEX('Weaving KPI Data'!$M$5:$M$504,$K29)) | F29: =IF($K29="","",INDEX('Weaving KPI Data'!$N$5:$N$504,$K29)) | G29: =IF($K29="","",INDEX('Weaving KPI Data'!$O$5:$O$504,$K29)) | H29: =IF($K29="","",INDEX('Weaving KPI Data'!$U$5:$U$504,$K29)) | I29: =IF($K29="","",INDEX('Weaving KPI Data'!$V$5:$V$504,$K29)) | J29: =IF($K29="","",INDEX('Weaving KPI Data'!$AG$5:$AG$504,$K29)) | K29: =IFERROR(aggregate(15,6,(ROW('Weaving KPI Data'!$B$5:$B$504)-ROW('Weaving KPI Data'!$B$5)+1)/(('Weaving KPI Data'!$G$5:$G$504=$B$4)*('Weaving KPI Data'!$B$5:$B$504>=$H$4)*('Weaving KPI Data'!$B$5:$B$504<=$B$5)),ROWS($A$1:A7)),"")
A30: =IF($K30="","",INDEX('Weaving KPI Data'!$B$5:$B$504,$K30)) | B30: =IF($K30="","",INDEX('Weaving KPI Data'!$D$5:$D$504,$K30)) | C30: =IF($K30="","",INDEX('Weaving KPI Data'!$K$5:$K$504,$K30)) | D30: =IF($K30="","",INDEX('Weaving KPI Data'!$L$5:$L$504,$K30)) | E30: =IF($K30="","",INDEX('Weaving KPI Data'!$M$5:$M$504,$K30)) | F30: =IF($K30="","",INDEX('Weaving KPI Data'!$N$5:$N$504,$K30)) | G30: =IF($K30="","",INDEX('Weaving KPI Data'!$O$5:$O$504,$K30)) | H30: =IF($K30="","",INDEX('Weaving KPI Data'!$U$5:$U$504,$K30)) | I30: =IF($K30="","",INDEX('Weaving KPI Data'!$V$5:$V$504,$K30)) | J30: =IF($K30="","",INDEX('Weaving KPI Data'!$AG$5:$AG$504,$K30)) | K30: =IFERROR(aggregate(15,6,(ROW('Weaving KPI Data'!$B$5:$B$504)-ROW('Weaving KPI Data'!$B$5)+1)/(('Weaving KPI Data'!$G$5:$G$504=$B$4)*('Weaving KPI Data'!$B$5:$B$504>=$H$4)*('Weaving KPI Data'!$B$5:$B$504<=$B$5)),ROWS($A$1:A8)),"")
A31: =IF($K31="","",INDEX('Weaving KPI Data'!$B$5:$B$504,$K31)) | B31: =IF($K31="","",INDEX('Weaving KPI Data'!$D$5:$D$504,$K31)) | C31: =IF($K31="","",INDEX('Weaving KPI Data'!$K$5:$K$504,$K31)) | D31: =IF($K31="","",INDEX('Weaving KPI Data'!$L$5:$L$504,$K31)) | E31: =IF($K31="","",INDEX('Weaving KPI Data'!$M$5:$M$504,$K31)) | F31: =IF($K31="","",INDEX('Weaving KPI Data'!$N$5:$N$504,$K31)) | G31: =IF($K31="","",INDEX('Weaving KPI Data'!$O$5:$O$504,$K31)) | H31: =IF($K31="","",INDEX('Weaving KPI Data'!$U$5:$U$504,$K31)) | I31: =IF($K31="","",INDEX('Weaving KPI Data'!$V$5:$V$504,$K31)) | J31: =IF($K31="","",INDEX('Weaving KPI Data'!$AG$5:$AG$504,$K31)) | K31: =IFERROR(aggregate(15,6,(ROW('Weaving KPI Data'!$B$5:$B$504)-ROW('Weaving KPI Data'!$B$5)+1)/(('Weaving KPI Data'!$G$5:$G$504=$B$4)*('Weaving KPI Data'!$B$5:$B$504>=$H$4)*('Weaving KPI Data'!$B$5:$B$504<=$B$5)),ROWS($A$1:A9)),"")
A32: =IF($K32="","",INDEX('Weaving KPI Data'!$B$5:$B$504,$K32)) | B32: =IF($K32="","",INDEX('Weaving KPI Data'!$D$5:$D$504,$K32)) | C32: =IF($K32="","",INDEX('Weaving KPI Data'!$K$5:$K$504,$K32)) | D32: =IF($K32="","",INDEX('Weaving KPI Data'!$L$5:$L$504,$K32)) | E32: =IF($K32="","",INDEX('Weaving KPI Data'!$M$5:$M$504,$K32)) | F32: =IF($K32="","",INDEX('Weaving KPI Data'!$N$5:$N$504,$K32)) | G32: =IF($K32="","",INDEX('Weaving KPI Data'!$O$5:$O$504,$K32)) | H32: =IF($K32="","",INDEX('Weaving KPI Data'!$U$5:$U$504,$K32)) | I32: =IF($K32="","",INDEX('Weaving KPI Data'!$V$5:$V$504,$K32)) | J32: =IF($K32="","",INDEX('Weaving KPI Data'!$AG$5:$AG$504,$K32)) | K32: =IFERROR(aggregate(15,6,(ROW('Weaving KPI Data'!$B$5:$B$504)-ROW('Weaving KPI Data'!$B$5)+1)/(('Weaving KPI Data'!$G$5:$G$504=$B$4)*('Weaving KPI Data'!$B$5:$B$504>=$H$4)*('Weaving KPI Data'!$B$5:$B$504<=$B$5)),ROWS($A$1:A10)),"")
A33: =IF($K33="","",INDEX('Weaving KPI Data'!$B$5:$B$504,$K33)) | B33: =IF($K33="","",INDEX('Weaving KPI Data'!$D$5:$D$504,$K33)) | C33: =IF($K33="","",INDEX('Weaving KPI Data'!$K$5:$K$504,$K33)) | D33: =IF($K33="","",INDEX('Weaving KPI Data'!$L$5:$L$504,$K33)) | E33: =IF($K33="","",INDEX('Weaving KPI Data'!$M$5:$M$504,$K33)) | F33: =IF($K33="","",INDEX('Weaving KPI Data'!$N$5:$N$504,$K33)) | G33: =IF($K33="","",INDEX('Weaving KPI Data'!$O$5:$O$504,$K33)) | H33: =IF($K33="","",INDEX('Weaving KPI Data'!$U$5:$U$504,$K33)) | I33: =IF($K33="","",INDEX('Weaving KPI Data'!$V$5:$V$504,$K33)) | J33: =IF($K33="","",INDEX('Weaving KPI Data'!$AG$5:$AG$504,$K33)) | K33: =IFERROR(aggregate(15,6,(ROW('Weaving KPI Data'!$B$5:$B$504)-ROW('Weaving KPI Data'!$B$5)+1)/(('Weaving KPI Data'!$G$5:$G$504=$B$4)*('Weaving KPI Data'!$B$5:$B$504>=$H$4)*('Weaving KPI Data'!$B$5:$B$504<=$B$5)),ROWS($A$1:A11)),"")
A34: =IF($K34="","",INDEX('Weaving KPI Data'!$B$5:$B$504,$K34)) | B34: =IF($K34="","",INDEX('Weaving KPI Data'!$D$5:$D$504,$K34)) | C34: =IF($K34="","",INDEX('Weaving KPI Data'!$K$5:$K$504,$K34)) | D34: =IF($K34="","",INDEX('Weaving KPI Data'!$L$5:$L$504,$K34)) | E34: =IF($K34="","",INDEX('Weaving KPI Data'!$M$5:$M$504,$K34)) | F34: =IF($K34="","",INDEX('Weaving KPI Data'!$N$5:$N$504,$K34)) | G34: =IF($K34="","",INDEX('Weaving KPI Data'!$O$5:$O$504,$K34)) | H34: =IF($K34="","",INDEX('Weaving KPI Data'!$U$5:$U$504,$K34)) | I34: =IF($K34="","",INDEX('Weaving KPI Data'!$V$5:$V$504,$K34)) | J34: =IF($K34="","",INDEX('Weaving KPI Data'!$AG$5:$AG$504,$K34)) | K34: =IFERROR(aggregate(15,6,(ROW('Weaving KPI Data'!$B$5:$B$504)-ROW('Weaving KPI Data'!$B$5)+1)/(('Weaving KPI Data'!$G$5:$G$504=$B$4)*('Weaving KPI Data'!$B$5:$B$504>=$H$4)*('Weaving KPI Data'!$B$5:$B$504<=$B$5)),ROWS($A$1:A12)),"")
... A47: =IF($K47="","",INDEX('Weaving KPI Data'!$B$5:$B$504,$K47)) | B47: =IF($K47="","",INDEX('Weaving KPI Data'!$D$5:$D$504,$K47)) | C47: =IF($K47="","",INDEX('Weaving KPI Data'!$K$5:$K$504,$K47)) | D47: =IF($K47="","",INDEX('Weaving KPI Data'!$L$5:$L$504,$K47)) | E47: =IF($K47="","",INDEX('Weaving KPI Data'!$M$5:$M$504,$K47)) | F47: =IF($K47="","",INDEX('Weaving KPI Data'!$N$5:$N$504,$K47)) | G47: =IF($K47="","",INDEX('Weaving KPI Data'!$O$5:$O$504,$K47)) | H47: =IF($K47="","",INDEX('Weaving KPI Data'!$U$5:$U$504,$K47)) | I47: =IF($K47="","",INDEX('Weaving KPI Data'!$V$5:$V$504,$K47)) | J47: =IF($K47="","",INDEX('Weaving KPI Data'!$AG$5:$AG$504,$K47)) | K47: =IFERROR(aggregate(15,6,(ROW('Weaving KPI Data'!$B$5:$B$504)-ROW('Weaving KPI Data'!$B$5)+1)/(('Weaving KPI Data'!$G$5:$G$504=$B$4)*('Weaving KPI Data'!$B$5:$B$504>=$H$4)*('Weaving KPI Data'!$B$5:$B$504<=$B$5)),ROWS($A$1:A25)),"")
A49: FAULT & DOWNTIME EVALUATION
A50: Date | B50: Loom | C50: Fault | D50: Category | E50: Frequency | F50: Affected yd | G50: Downtime min | H50: Responsibility | I50: Shift | J50: Comment
A51: =IF($L51="","",INDEX('Loom Fault Downtime'!$B$5:$B$1004,$L51)) | B51: =IF($L51="","",INDEX('Loom Fault Downtime'!$D$5:$D$1004,$L51)) | C51: =IF($L51="","",INDEX('Loom Fault Downtime'!$I$5:$I$1004,$L51)) | D51: =IF($L51="","",INDEX('Loom Fault Downtime'!$H$5:$H$1004,$L51)) | E51: =IF($L51="","",INDEX('Loom Fault Downtime'!$J$5:$J$1004,$L51)) | F51: =IF($L51="","",INDEX('Loom Fault Downtime'!$K$5:$K$1004,$L51)) | G51: =IF($L51="","",INDEX('Loom Fault Downtime'!$L$5:$L$1004,$L51)) | H51: =IF($L51="","",INDEX('Loom Fault Downtime'!$N$5:$N$1004,$L51)) | I51: =IF($L51="","",INDEX('Loom Fault Downtime'!$C$5:$C$1004,$L51)) | J51: =IF($L51="","",INDEX('Loom Fault Downtime'!$O$5:$O$1004,$L51)) | L51: =IFERROR(aggregate(15,6,(ROW('Loom Fault Downtime'!$B$5:$B$1004)-ROW('Loom Fault Downtime'!$B$5)+1)/(('Loom Fault Downtime'!$E$5:$E$1004=$B$4)*('Loom Fault Downtime'!$B$5:$B$1004>=$H$4)*('Loom Fault Downtime'!$B$5:$B$1004<=$B$5)),ROWS($A$1:A1)),"")
A52: =IF($L52="","",INDEX('Loom Fault Downtime'!$B$5:$B$1004,$L52)) | B52: =IF($L52="","",INDEX('Loom Fault Downtime'!$D$5:$D$1004,$L52)) | C52: =IF($L52="","",INDEX('Loom Fault Downtime'!$I$5:$I$1004,$L52)) | D52: =IF($L52="","",INDEX('Loom Fault Downtime'!$H$5:$H$1004,$L52)) | E52: =IF($L52="","",INDEX('Loom Fault Downtime'!$J$5:$J$1004,$L52)) | F52: =IF($L52="","",INDEX('Loom Fault Downtime'!$K$5:$K$1004,$L52)) | G52: =IF($L52="","",INDEX('Loom Fault Downtime'!$L$5:$L$1004,$L52)) | H52: =IF($L52="","",INDEX('Loom Fault Downtime'!$N$5:$N$1004,$L52)) | I52: =IF($L52="","",INDEX('Loom Fault Downtime'!$C$5:$C$1004,$L52)) | J52: =IF($L52="","",INDEX('Loom Fault Downtime'!$O$5:$O$1004,$L52)) | L52: =IFERROR(aggregate(15,6,(ROW('Loom Fault Downtime'!$B$5:$B$1004)-ROW('Loom Fault Downtime'!$B$5)+1)/(('Loom Fault Downtime'!$E$5:$E$1004=$B$4)*('Loom Fault Downtime'!$B$5:$B$1004>=$H$4)*('Loom Fault Downtime'!$B$5:$B$1004<=$B$5)),ROWS($A$1:A2)),"")
A53: =IF($L53="","",INDEX('Loom Fault Downtime'!$B$5:$B$1004,$L53)) | B53: =IF($L53="","",INDEX('Loom Fault Downtime'!$D$5:$D$1004,$L53)) | C53: =IF($L53="","",INDEX('Loom Fault Downtime'!$I$5:$I$1004,$L53)) | D53: =IF($L53="","",INDEX('Loom Fault Downtime'!$H$5:$H$1004,$L53)) | E53: =IF($L53="","",INDEX('Loom Fault Downtime'!$J$5:$J$1004,$L53)) | F53: =IF($L53="","",INDEX('Loom Fault Downtime'!$K$5:$K$1004,$L53)) | G53: =IF($L53="","",INDEX('Loom Fault Downtime'!$L$5:$L$1004,$L53)) | H53: =IF($L53="","",INDEX('Loom Fault Downtime'!$N$5:$N$1004,$L53)) | I53: =IF($L53="","",INDEX('Loom Fault Downtime'!$C$5:$C$1004,$L53)) | J53: =IF($L53="","",INDEX('Loom Fault Downtime'!$O$5:$O$1004,$L53)) | L53: =IFERROR(aggregate(15,6,(ROW('Loom Fault Downtime'!$B$5:$B$1004)-ROW('Loom Fault Downtime'!$B$5)+1)/(('Loom Fault Downtime'!$E$5:$E$1004=$B$4)*('Loom Fault Downtime'!$B$5:$B$1004>=$H$4)*('Loom Fault Downtime'!$B$5:$B$1004<=$B$5)),ROWS($A$1:A3)),"")
A54: =IF($L54="","",INDEX('Loom Fault Downtime'!$B$5:$B$1004,$L54)) | B54: =IF($L54="","",INDEX('Loom Fault Downtime'!$D$5:$D$1004,$L54)) | C54: =IF($L54="","",INDEX('Loom Fault Downtime'!$I$5:$I$1004,$L54)) | D54: =IF($L54="","",INDEX('Loom Fault Downtime'!$H$5:$H$1004,$L54)) | E54: =IF($L54="","",INDEX('Loom Fault Downtime'!$J$5:$J$1004,$L54)) | F54: =IF($L54="","",INDEX('Loom Fault Downtime'!$K$5:$K$1004,$L54)) | G54: =IF($L54="","",INDEX('Loom Fault Downtime'!$L$5:$L$1004,$L54)) | H54: =IF($L54="","",INDEX('Loom Fault Downtime'!$N$5:$N$1004,$L54)) | I54: =IF($L54="","",INDEX('Loom Fault Downtime'!$C$5:$C$1004,$L54)) | J54: =IF($L54="","",INDEX('Loom Fault Downtime'!$O$5:$O$1004,$L54)) | L54: =IFERROR(aggregate(15,6,(ROW('Loom Fault Downtime'!$B$5:$B$1004)-ROW('Loom Fault Downtime'!$B$5)+1)/(('Loom Fault Downtime'!$E$5:$E$1004=$B$4)*('Loom Fault Downtime'!$B$5:$B$1004>=$H$4)*('Loom Fault Downtime'!$B$5:$B$1004<=$B$5)),ROWS($A$1:A4)),"")
A55: =IF($L55="","",INDEX('Loom Fault Downtime'!$B$5:$B$1004,$L55)) | B55: =IF($L55="","",INDEX('Loom Fault Downtime'!$D$5:$D$1004,$L55)) | C55: =IF($L55="","",INDEX('Loom Fault Downtime'!$I$5:$I$1004,$L55)) | D55: =IF($L55="","",INDEX('Loom Fault Downtime'!$H$5:$H$1004,$L55)) | E55: =IF($L55="","",INDEX('Loom Fault Downtime'!$J$5:$J$1004,$L55)) | F55: =IF($L55="","",INDEX('Loom Fault Downtime'!$K$5:$K$1004,$L55)) | G55: =IF($L55="","",INDEX('Loom Fault Downtime'!$L$5:$L$1004,$L55)) | H55: =IF($L55="","",INDEX('Loom Fault Downtime'!$N$5:$N$1004,$L55)) | I55: =IF($L55="","",INDEX('Loom Fault Downtime'!$C$5:$C$1004,$L55)) | J55: =IF($L55="","",INDEX('Loom Fault Downtime'!$O$5:$O$1004,$L55)) | L55: =IFERROR(aggregate(15,6,(ROW('Loom Fault Downtime'!$B$5:$B$1004)-ROW('Loom Fault Downtime'!$B$5)+1)/(('Loom Fault Downtime'!$E$5:$E$1004=$B$4)*('Loom Fault Downtime'!$B$5:$B$1004>=$H$4)*('Loom Fault Downtime'!$B$5:$B$1004<=$B$5)),ROWS($A$1:A5)),"")
A56: =IF($L56="","",INDEX('Loom Fault Downtime'!$B$5:$B$1004,$L56)) | B56: =IF($L56="","",INDEX('Loom Fault Downtime'!$D$5:$D$1004,$L56)) | C56: =IF($L56="","",INDEX('Loom Fault Downtime'!$I$5:$I$1004,$L56)) | D56: =IF($L56="","",INDEX('Loom Fault Downtime'!$H$5:$H$1004,$L56)) | E56: =IF($L56="","",INDEX('Loom Fault Downtime'!$J$5:$J$1004,$L56)) | F56: =IF($L56="","",INDEX('Loom Fault Downtime'!$K$5:$K$1004,$L56)) | G56: =IF($L56="","",INDEX('Loom Fault Downtime'!$L$5:$L$1004,$L56)) | H56: =IF($L56="","",INDEX('Loom Fault Downtime'!$N$5:$N$1004,$L56)) | I56: =IF($L56="","",INDEX('Loom Fault Downtime'!$C$5:$C$1004,$L56)) | J56: =IF($L56="","",INDEX('Loom Fault Downtime'!$O$5:$O$1004,$L56)) | L56: =IFERROR(aggregate(15,6,(ROW('Loom Fault Downtime'!$B$5:$B$1004)-ROW('Loom Fault Downtime'!$B$5)+1)/(('Loom Fault Downtime'!$E$5:$E$1004=$B$4)*('Loom Fault Downtime'!$B$5:$B$1004>=$H$4)*('Loom Fault Downtime'!$B$5:$B$1004<=$B$5)),ROWS($A$1:A6)),"")
A57: =IF($L57="","",INDEX('Loom Fault Downtime'!$B$5:$B$1004,$L57)) | B57: =IF($L57="","",INDEX('Loom Fault Downtime'!$D$5:$D$1004,$L57)) | C57: =IF($L57="","",INDEX('Loom Fault Downtime'!$I$5:$I$1004,$L57)) | D57: =IF($L57="","",INDEX('Loom Fault Downtime'!$H$5:$H$1004,$L57)) | E57: =IF($L57="","",INDEX('Loom Fault Downtime'!$J$5:$J$1004,$L57)) | F57: =IF($L57="","",INDEX('Loom Fault Downtime'!$K$5:$K$1004,$L57)) | G57: =IF($L57="","",INDEX('Loom Fault Downtime'!$L$5:$L$1004,$L57)) | H57: =IF($L57="","",INDEX('Loom Fault Downtime'!$N$5:$N$1004,$L57)) | I57: =IF($L57="","",INDEX('Loom Fault Downtime'!$C$5:$C$1004,$L57)) | J57: =IF($L57="","",INDEX('Loom Fault Downtime'!$O$5:$O$1004,$L57)) | L57: =IFERROR(aggregate(15,6,(ROW('Loom Fault Downtime'!$B$5:$B$1004)-ROW('Loom Fault Downtime'!$B$5)+1)/(('Loom Fault Downtime'!$E$5:$E$1004=$B$4)*('Loom Fault Downtime'!$B$5:$B$1004>=$H$4)*('Loom Fault Downtime'!$B$5:$B$1004<=$B$5)),ROWS($A$1:A7)),"")
A58: =IF($L58="","",INDEX('Loom Fault Downtime'!$B$5:$B$1004,$L58)) | B58: =IF($L58="","",INDEX('Loom Fault Downtime'!$D$5:$D$1004,$L58)) | C58: =IF($L58="","",INDEX('Loom Fault Downtime'!$I$5:$I$1004,$L58)) | D58: =IF($L58="","",INDEX('Loom Fault Downtime'!$H$5:$H$1004,$L58)) | E58: =IF($L58="","",INDEX('Loom Fault Downtime'!$J$5:$J$1004,$L58)) | F58: =IF($L58="","",INDEX('Loom Fault Downtime'!$K$5:$K$1004,$L58)) | G58: =IF($L58="","",INDEX('Loom Fault Downtime'!$L$5:$L$1004,$L58)) | H58: =IF($L58="","",INDEX('Loom Fault Downtime'!$N$5:$N$1004,$L58)) | I58: =IF($L58="","",INDEX('Loom Fault Downtime'!$C$5:$C$1004,$L58)) | J58: =IF($L58="","",INDEX('Loom Fault Downtime'!$O$5:$O$1004,$L58)) | L58: =IFERROR(aggregate(15,6,(ROW('Loom Fault Downtime'!$B$5:$B$1004)-ROW('Loom Fault Downtime'!$B$5)+1)/(('Loom Fault Downtime'!$E$5:$E$1004=$B$4)*('Loom Fault Downtime'!$B$5:$B$1004>=$H$4)*('Loom Fault Downtime'!$B$5:$B$1004<=$B$5)),ROWS($A$1:A8)),"")
A59: =IF($L59="","",INDEX('Loom Fault Downtime'!$B$5:$B$1004,$L59)) | B59: =IF($L59="","",INDEX('Loom Fault Downtime'!$D$5:$D$1004,$L59)) | C59: =IF($L59="","",INDEX('Loom Fault Downtime'!$I$5:$I$1004,$L59)) | D59: =IF($L59="","",INDEX('Loom Fault Downtime'!$H$5:$H$1004,$L59)) | E59: =IF($L59="","",INDEX('Loom Fault Downtime'!$J$5:$J$1004,$L59)) | F59: =IF($L59="","",INDEX('Loom Fault Downtime'!$K$5:$K$1004,$L59)) | G59: =IF($L59="","",INDEX('Loom Fault Downtime'!$L$5:$L$1004,$L59)) | H59: =IF($L59="","",INDEX('Loom Fault Downtime'!$N$5:$N$1004,$L59)) | I59: =IF($L59="","",INDEX('Loom Fault Downtime'!$C$5:$C$1004,$L59)) | J59: =IF($L59="","",INDEX('Loom Fault Downtime'!$O$5:$O$1004,$L59)) | L59: =IFERROR(aggregate(15,6,(ROW('Loom Fault Downtime'!$B$5:$B$1004)-ROW('Loom Fault Downtime'!$B$5)+1)/(('Loom Fault Downtime'!$E$5:$E$1004=$B$4)*('Loom Fault Downtime'!$B$5:$B$1004>=$H$4)*('Loom Fault Downtime'!$B$5:$B$1004<=$B$5)),ROWS($A$1:A9)),"")
A60: =IF($L60="","",INDEX('Loom Fault Downtime'!$B$5:$B$1004,$L60)) | B60: =IF($L60="","",INDEX('Loom Fault Downtime'!$D$5:$D$1004,$L60)) | C60: =IF($L60="","",INDEX('Loom Fault Downtime'!$I$5:$I$1004,$L60)) | D60: =IF($L60="","",INDEX('Loom Fault Downtime'!$H$5:$H$1004,$L60)) | E60: =IF($L60="","",INDEX('Loom Fault Downtime'!$J$5:$J$1004,$L60)) | F60: =IF($L60="","",INDEX('Loom Fault Downtime'!$K$5:$K$1004,$L60)) | G60: =IF($L60="","",INDEX('Loom Fault Downtime'!$L$5:$L$1004,$L60)) | H60: =IF($L60="","",INDEX('Loom Fault Downtime'!$N$5:$N$1004,$L60)) | I60: =IF($L60="","",INDEX('Loom Fault Downtime'!$C$5:$C$1004,$L60)) | J60: =IF($L60="","",INDEX('Loom Fault Downtime'!$O$5:$O$1004,$L60)) | L60: =IFERROR(aggregate(15,6,(ROW('Loom Fault Downtime'!$B$5:$B$1004)-ROW('Loom Fault Downtime'!$B$5)+1)/(('Loom Fault Downtime'!$E$5:$E$1004=$B$4)*('Loom Fault Downtime'!$B$5:$B$1004>=$H$4)*('Loom Fault Downtime'!$B$5:$B$1004<=$B$5)),ROWS($A$1:A10)),"")
A61: =IF($L61="","",INDEX('Loom Fault Downtime'!$B$5:$B$1004,$L61)) | B61: =IF($L61="","",INDEX('Loom Fault Downtime'!$D$5:$D$1004,$L61)) | C61: =IF($L61="","",INDEX('Loom Fault Downtime'!$I$5:$I$1004,$L61)) | D61: =IF($L61="","",INDEX('Loom Fault Downtime'!$H$5:$H$1004,$L61)) | E61: =IF($L61="","",INDEX('Loom Fault Downtime'!$J$5:$J$1004,$L61)) | F61: =IF($L61="","",INDEX('Loom Fault Downtime'!$K$5:$K$1004,$L61)) | G61: =IF($L61="","",INDEX('Loom Fault Downtime'!$L$5:$L$1004,$L61)) | H61: =IF($L61="","",INDEX('Loom Fault Downtime'!$N$5:$N$1004,$L61)) | I61: =IF($L61="","",INDEX('Loom Fault Downtime'!$C$5:$C$1004,$L61)) | J61: =IF($L61="","",INDEX('Loom Fault Downtime'!$O$5:$O$1004,$L61)) | L61: =IFERROR(aggregate(15,6,(ROW('Loom Fault Downtime'!$B$5:$B$1004)-ROW('Loom Fault Downtime'!$B$5)+1)/(('Loom Fault Downtime'!$E$5:$E$1004=$B$4)*('Loom Fault Downtime'!$B$5:$B$1004>=$H$4)*('Loom Fault Downtime'!$B$5:$B$1004<=$B$5)),ROWS($A$1:A11)),"")
A62: =IF($L62="","",INDEX('Loom Fault Downtime'!$B$5:$B$1004,$L62)) | B62: =IF($L62="","",INDEX('Loom Fault Downtime'!$D$5:$D$1004,$L62)) | C62: =IF($L62="","",INDEX('Loom Fault Downtime'!$I$5:$I$1004,$L62)) | D62: =IF($L62="","",INDEX('Loom Fault Downtime'!$H$5:$H$1004,$L62)) | E62: =IF($L62="","",INDEX('Loom Fault Downtime'!$J$5:$J$1004,$L62)) | F62: =IF($L62="","",INDEX('Loom Fault Downtime'!$K$5:$K$1004,$L62)) | G62: =IF($L62="","",INDEX('Loom Fault Downtime'!$L$5:$L$1004,$L62)) | H62: =IF($L62="","",INDEX('Loom Fault Downtime'!$N$5:$N$1004,$L62)) | I62: =IF($L62="","",INDEX('Loom Fault Downtime'!$C$5:$C$1004,$L62)) | J62: =IF($L62="","",INDEX('Loom Fault Downtime'!$O$5:$O$1004,$L62)) | L62: =IFERROR(aggregate(15,6,(ROW('Loom Fault Downtime'!$B$5:$B$1004)-ROW('Loom Fault Downtime'!$B$5)+1)/(('Loom Fault Downtime'!$E$5:$E$1004=$B$4)*('Loom Fault Downtime'!$B$5:$B$1004>=$H$4)*('Loom Fault Downtime'!$B$5:$B$1004<=$B$5)),ROWS($A$1:A12)),"")
... A70: =IF($L70="","",INDEX('Loom Fault Downtime'!$B$5:$B$1004,$L70)) | B70: =IF($L70="","",INDEX('Loom Fault Downtime'!$D$5:$D$1004,$L70)) | C70: =IF($L70="","",INDEX('Loom Fault Downtime'!$I$5:$I$1004,$L70)) | D70: =IF($L70="","",INDEX('Loom Fault Downtime'!$H$5:$H$1004,$L70)) | E70: =IF($L70="","",INDEX('Loom Fault Downtime'!$J$5:$J$1004,$L70)) | F70: =IF($L70="","",INDEX('Loom Fault Downtime'!$K$5:$K$1004,$L70)) | G70: =IF($L70="","",INDEX('Loom Fault Downtime'!$L$5:$L$1004,$L70)) | H70: =IF($L70="","",INDEX('Loom Fault Downtime'!$N$5:$N$1004,$L70)) | I70: =IF($L70="","",INDEX('Loom Fault Downtime'!$C$5:$C$1004,$L70)) | J70: =IF($L70="","",INDEX('Loom Fault Downtime'!$O$5:$O$1004,$L70)) | L70: =IFERROR(aggregate(15,6,(ROW('Loom Fault Downtime'!$B$5:$B$1004)-ROW('Loom Fault Downtime'!$B$5)+1)/(('Loom Fault Downtime'!$E$5:$E$1004=$B$4)*('Loom Fault Downtime'!$B$5:$B$1004>=$H$4)*('Loom Fault Downtime'!$B$5:$B$1004<=$B$5)),ROWS($A$1:A20)),"")

Sheet Management Dashboard
A1: STL FU — WEAVING | MANAGEMENT SUMMARY
A3: Management summary. Use the operator filter for a quick review; the detailed individual evaluation is on Operator View.
A5: Operator | B5: All | D5: Actual Shift | E5: All | G5: Start Date | H5: =IFERROR(MIN('Weaving KPI Data'!$B$5:$B$504),"") -> 0 | J5: End Date | K5: =IFERROR(MAX('Weaving KPI Data'!$B$5:$B$504),"") -> 46288
A7: Total Production (yd) | D7: Avg Production Achievement | G7: Avg Efficiency % | J7: Avg KPI Score
A8: =IF($B$5="All",SUM('Weaving KPI Data'!$O$5:$O$504),SUMIFS('Weaving KPI Data'!$O$5:$O$504,'Weaving KPI Data'!$G$5:$G$504,$B$5)) -> 15607 | D8: =IF($B$5="All",IFERROR(SUM('Weaving KPI Data'!$O$5:$O$504)/SUM('Weaving KPI Data'!$N$5:$N$504)*100,""),IFERROR(SUMIFS('Weaving KPI Data'!$O$5:$O$504,'Weaving KPI Data'!$G$5:$G$504,$B$5)/SUMIFS('Weaving KPI Data'!$N$5:$N$504,'Weaving KPI Data'!$G$5:$G$504,$B$5)*100,"")) -> 36.507602 | G8: =IF($B$5="All",IFERROR(AVERAGE('Weaving KPI Data'!$U$5:$U$504),""),IFERROR(AVERAGEIFS('Weaving KPI Data'!$U$5:$U$504,'Weaving KPI Data'!$G$5:$G$504,$B$5),"")) -> 82.710849 | J8: =IF($B$5="All",IFERROR(AVERAGE('Weaving KPI Data'!$AW$5:$AW$504),""),IFERROR(AVERAGEIFS('Weaving KPI Data'!$AW$5:$AW$504,'Weaving KPI Data'!$G$5:$G$504,$B$5),"")) -> 0.81823762
A11: Operator ID | B11: Operator Name | C11: Production yd | D11: Prod Ach % | E11: Efficiency % | F11: Reject % | G11: Faults/1000 | H11: KPI Score | I11: Grade | J11: Incentive
A12: =IFERROR(INDEX('Operator Master'!$A$5:$A$504,ROWS($A$1:A1)),"") -> STL005494 | B12: =IFERROR(INDEX('Operator Master'!$B$5:$B$504,ROWS($A$1:A1)),"") -> MD. MAHABUB ALAM | C12: =IF($A12="","",SUMIFS('Weaving KPI Data'!$O$5:$O$504,'Weaving KPI Data'!$G$5:$G$504,$A12)) -> 1130 | D12: =IFERROR(SUMIFS('Weaving KPI Data'!$O$5:$O$504,'Weaving KPI Data'!$G$5:$G$504,$A12)/SUMIFS('Weaving KPI Data'!$N$5:$N$504,'Weaving KPI Data'!$G$5:$G$504,$A12)*100,"") -> 75.333333 | E12: =IFERROR(AVERAGEIFS('Weaving KPI Data'!$U$5:$U$504,'Weaving KPI Data'!$G$5:$G$504,$A12),"") -> 87.871938 | F12: =IFERROR(SUMIFS('Weaving KPI Data'!$V$5:$V$504,'Weaving KPI Data'!$G$5:$G$504,$A12)/SUMIFS('Weaving KPI Data'!$O$5:$O$504,'Weaving KPI Data'!$G$5:$G$504,$A12)*100,"") -> 2.8318584 | G12: =IFERROR(SUMIFS('Weaving KPI Data'!$AF$5:$AF$504,'Weaving KPI Data'!$G$5:$G$504,$A12)/SUMIFS('Weaving KPI Data'!$O$5:$O$504,'Weaving KPI Data'!$G$5:$G$504,$A12)*1000,"") -> 16.814159 | H12: =IFERROR(AVERAGEIFS('Weaving KPI Data'!$AW$5:$AW$504,'Weaving KPI Data'!$G$5:$G$504,$A12),"") -> 0.79538576 | I12: =IF(H12="","",IF(H12>=1.05,"A+",IF(H12>=1,"A",IF(H12>=0.95,"B+",IF(H12>=0.9,"B","C"))))) -> C | J12: =IF(I12="","",IF(I12="A+",1800,IF(I12="A",1600,IF(I12="B+",1400,IF(I12="B",1200,0))))) -> 0
A13: =IFERROR(INDEX('Operator Master'!$A$5:$A$504,ROWS($A$1:A2)),"") -> STL005476 | B13: =IFERROR(INDEX('Operator Master'!$B$5:$B$504,ROWS($A$1:A2)),"") -> MD. RIPU MIAH | C13: =IF($A13="","",SUMIFS('Weaving KPI Data'!$O$5:$O$504,'Weaving KPI Data'!$G$5:$G$504,$A13)) -> 1127 | D13: =IFERROR(SUMIFS('Weaving KPI Data'!$O$5:$O$504,'Weaving KPI Data'!$G$5:$G$504,$A13)/SUMIFS('Weaving KPI Data'!$N$5:$N$504,'Weaving KPI Data'!$G$5:$G$504,$A13)*100,"") -> 62.611111 | E13: =IFERROR(AVERAGEIFS('Weaving KPI Data'!$U$5:$U$504,'Weaving KPI Data'!$G$5:$G$504,$A13),"") -> 75.282306 | F13: =IFERROR(SUMIFS('Weaving KPI Data'!$V$5:$V$504,'Weaving KPI Data'!$G$5:$G$504,$A13)/SUMIFS('Weaving KPI Data'!$O$5:$O$504,'Weaving KPI Data'!$G$5:$G$504,$A13)*100,"") -> 1.5084295 | G13: =IFERROR(SUMIFS('Weaving KPI Data'!$AF$5:$AF$504,'Weaving KPI Data'!$G$5:$G$504,$A13)/SUMIFS('Weaving KPI Data'!$O$5:$O$504,'Weaving KPI Data'!$G$5:$G$504,$A13)*1000,"") -> 23.957409 | H13: =IFERROR(AVERAGEIFS('Weaving KPI Data'!$AW$5:$AW$504,'Weaving KPI Data'!$G$5:$G$504,$A13),"") -> 0.78599427 | I13: =IF(H13="","",IF(H13>=1.05,"A+",IF(H13>=1,"A",IF(H13>=0.95,"B+",IF(H13>=0.9,"B","C"))))) -> C | J13: =IF(I13="","",IF(I13="A+",1800,IF(I13="A",1600,IF(I13="B+",1400,IF(I13="B",1200,0))))) -> 0
A14: =IFERROR(INDEX('Operator Master'!$A$5:$A$504,ROWS($A$1:A3)),"") -> STL005492 | B14: =IFERROR(INDEX('Operator Master'!$B$5:$B$504,ROWS($A$1:A3)),"") -> MD. MINHAZ ALI | C14: =IF($A14="","",SUMIFS('Weaving KPI Data'!$O$5:$O$504,'Weaving KPI Data'!$G$5:$G$504,$A14)) -> 1602 | D14: =IFERROR(SUMIFS('Weaving KPI Data'!$O$5:$O$504,'Weaving KPI Data'!$G$5:$G$504,$A14)/SUMIFS('Weaving KPI Data'!$N$5:$N$504,'Weaving KPI Data'!$G$5:$G$504,$A14)*100,"") -> 84.315789 | E14: =IFERROR(AVERAGEIFS('Weaving KPI Data'!$U$5:$U$504,'Weaving KPI Data'!$G$5:$G$504,$A14),"") -> 94.167607 | F14: =IFERROR(SUMIFS('Weaving KPI Data'!$V$5:$V$504,'Weaving KPI Data'!$G$5:$G$504,$A14)/SUMIFS('Weaving KPI Data'!$O$5:$O$504,'Weaving KPI Data'!$G$5:$G$504,$A14)*100,"") -> 1.2484395 | G14: =IFERROR(SUMIFS('Weaving KPI Data'!$AF$5:$AF$504,'Weaving KPI Data'!$G$5:$G$504,$A14)/SUMIFS('Weaving KPI Data'!$O$5:$O$504,'Weaving KPI Data'!$G$5:$G$504,$A14)*1000,"") -> 8.7390762 | H14: =IFERROR(AVERAGEIFS('Weaving KPI Data'!$AW$5:$AW$504,'Weaving KPI Data'!$G$5:$G$504,$A14),"") -> 0.96133656 | I14: =IF(H14="","",IF(H14>=1.05,"A+",IF(H14>=1,"A",IF(H14>=0.95,"B+",IF(H14>=0.9,"B","C"))))) -> B+ | J14: =IF(I14="","",IF(I14="A+",1800,IF(I14="A",1600,IF(I14="B+",1400,IF(I14="B",1200,0))))) -> 1400
A15: =IFERROR(INDEX('Operator Master'!$A$5:$A$504,ROWS($A$1:A4)),"") -> STL005502 | B15: =IFERROR(INDEX('Operator Master'!$B$5:$B$504,ROWS($A$1:A4)),"") -> MD. FORIDUL ISLAM | C15: =IF($A15="","",SUMIFS('Weaving KPI Data'!$O$5:$O$504,'Weaving KPI Data'!$G$5:$G$504,$A15)) -> 781 | D15: =IFERROR(SUMIFS('Weaving KPI Data'!$O$5:$O$504,'Weaving KPI Data'!$G$5:$G$504,$A15)/SUMIFS('Weaving KPI Data'!$N$5:$N$504,'Weaving KPI Data'!$G$5:$G$504,$A15)*100,"") -> 52.066667 | E15: =IFERROR(AVERAGEIFS('Weaving KPI Data'!$U$5:$U$504,'Weaving KPI Data'!$G$5:$G$504,$A15),"") -> 67.328047 | F15: =IFERROR(SUMIFS('Weaving KPI Data'!$V$5:$V$504,'Weaving KPI Data'!$G$5:$G$504,$A15)/SUMIFS('Weaving KPI Data'!$O$5:$O$504,'Weaving KPI Data'!$G$5:$G$504,$A15)*100,"") -> 2.0486556 | G15: =IFERROR(SUMIFS('Weaving KPI Data'!$AF$5:$AF$504,'Weaving KPI Data'!$G$5:$G$504,$A15)/SUMIFS('Weaving KPI Data'!$O$5:$O$504,'Weaving KPI Data'!$G$5:$G$504,$A15)*1000,"") -> 26.888604 | H15: =IFERROR(AVERAGEIFS('Weaving KPI Data'!$AW$5:$AW$504,'Weaving KPI Data'!$G$5:$G$504,$A15),"") -> 0.70803463 | I15: =IF(H15="","",IF(H15>=1.05,"A+",IF(H15>=1,"A",IF(H15>=0.95,"B+",IF(H15>=0.9,"B","C"))))) -> C | J15: =IF(I15="","",IF(I15="A+",1800,IF(I15="A",1600,IF(I15="B+",1400,IF(I15="B",1200,0))))) -> 0
A16: =IFERROR(INDEX('Operator Master'!$A$5:$A$504,ROWS($A$1:A5)),"") -> STL005507 | B16: =IFERROR(INDEX('Operator Master'!$B$5:$B$504,ROWS($A$1:A5)),"") -> MD. SAIFUL ISLAM-2 | C16: =IF($A16="","",SUMIFS('Weaving KPI Data'!$O$5:$O$504,'Weaving KPI Data'!$G$5:$G$504,$A16)) -> 1170 | D16: =IFERROR(SUMIFS('Weaving KPI Data'!$O$5:$O$504,'Weaving KPI Data'!$G$5:$G$504,$A16)/SUMIFS('Weaving KPI Data'!$N$5:$N$504,'Weaving KPI Data'!$G$5:$G$504,$A16)*100,"") -> 61.578947 | E16: =IFERROR(AVERAGEIFS('Weaving KPI Data'!$U$5:$U$504,'Weaving KPI Data'!$G$5:$G$504,$A16),"") -> 67.519313 | F16: =IFERROR(SUMIFS('Weaving KPI Data'!$V$5:$V$504,'Weaving KPI Data'!$G$5:$G$504,$A16)/SUMIFS('Weaving KPI Data'!$O$5:$O$504,'Weaving KPI Data'!$G$5:$G$504,$A16)*100,"") -> 1.025641 | G16: =IFERROR(SUMIFS('Weaving KPI Data'!$AF$5:$AF$504,'Weaving KPI Data'!$G$5:$G$504,$A16)/SUMIFS('Weaving KPI Data'!$O$5:$O$504,'Weaving KPI Data'!$G$5:$G$504,$A16)*1000,"") -> 17.094017 | H16: =IFERROR(AVERAGEIFS('Weaving KPI Data'!$AW$5:$AW$504,'Weaving KPI Data'!$G$5:$G$504,$A16),"") -> 0.84043686 | I16: =IF(H16="","",IF(H16>=1.05,"A+",IF(H16>=1,"A",IF(H16>=0.95,"B+",IF(H16>=0.9,"B","C"))))) -> C | J16: =IF(I16="","",IF(I16="A+",1800,IF(I16="A",1600,IF(I16="B+",1400,IF(I16="B",1200,0))))) -> 0
A17: =IFERROR(INDEX('Operator Master'!$A$5:$A$504,ROWS($A$1:A6)),"") -> STL005510 | B17: =IFERROR(INDEX('Operator Master'!$B$5:$B$504,ROWS($A$1:A6)),"") -> MD. ZIAUL HAQUE | C17: =IF($A17="","",SUMIFS('Weaving KPI Data'!$O$5:$O$504,'Weaving KPI Data'!$G$5:$G$504,$A17)) -> 1598 | D17: =IFERROR(SUMIFS('Weaving KPI Data'!$O$5:$O$504,'Weaving KPI Data'!$G$5:$G$504,$A17)/SUMIFS('Weaving KPI Data'!$N$5:$N$504,'Weaving KPI Data'!$G$5:$G$504,$A17)*100,"") -> 88.777778 | E17: =IFERROR(AVERAGEIFS('Weaving KPI Data'!$U$5:$U$504,'Weaving KPI Data'!$G$5:$G$504,$A17),"") -> 104.09588 | F17: =IFERROR(SUMIFS('Weaving KPI Data'!$V$5:$V$504,'Weaving KPI Data'!$G$5:$G$504,$A17)/SUMIFS('Weaving KPI Data'!$O$5:$O$504,'Weaving KPI Data'!$G$5:$G$504,$A17)*100,"") -> 0 | G17: =IFERROR(SUMIFS('Weaving KPI Data'!$AF$5:$AF$504,'Weaving KPI Data'!$G$5:$G$504,$A17)/SUMIFS('Weaving KPI Data'!$O$5:$O$504,'Weaving KPI Data'!$G$5:$G$504,$A17)*1000,"") -> 0 | H17: =IFERROR(AVERAGEIFS('Weaving KPI Data'!$AW$5:$AW$504,'Weaving KPI Data'!$G$5:$G$504,$A17),"") | I17: =IF(H17="","",IF(H17>=1.05,"A+",IF(H17>=1,"A",IF(H17>=0.95,"B+",IF(H17>=0.9,"B","C"))))) | J17: =IF(I17="","",IF(I17="A+",1800,IF(I17="A",1600,IF(I17="B+",1400,IF(I17="B",1200,0)))))
A18: =IFERROR(INDEX('Operator Master'!$A$5:$A$504,ROWS($A$1:A7)),"") -> STL005466 | B18: =IFERROR(INDEX('Operator Master'!$B$5:$B$504,ROWS($A$1:A7)),"") -> MD. ANOWAR HOSEN-3 | C18: =IF($A18="","",SUMIFS('Weaving KPI Data'!$O$5:$O$504,'Weaving KPI Data'!$G$5:$G$504,$A18)) -> 1156 | D18: =IFERROR(SUMIFS('Weaving KPI Data'!$O$5:$O$504,'Weaving KPI Data'!$G$5:$G$504,$A18)/SUMIFS('Weaving KPI Data'!$N$5:$N$504,'Weaving KPI Data'!$G$5:$G$504,$A18)*100,"") -> 72.25 | E18: =IFERROR(AVERAGEIFS('Weaving KPI Data'!$U$5:$U$504,'Weaving KPI Data'!$G$5:$G$504,$A18),"") | F18: =IFERROR(SUMIFS('Weaving KPI Data'!$V$5:$V$504,'Weaving KPI Data'!$G$5:$G$504,$A18)/SUMIFS('Weaving KPI Data'!$O$5:$O$504,'Weaving KPI Data'!$G$5:$G$504,$A18)*100,"") -> 0 | G18: =IFERROR(SUMIFS('Weaving KPI Data'!$AF$5:$AF$504,'Weaving KPI Data'!$G$5:$G$504,$A18)/SUMIFS('Weaving KPI Data'!$O$5:$O$504,'Weaving KPI Data'!$G$5:$G$504,$A18)*1000,"") -> 0 | H18: =IFERROR(AVERAGEIFS('Weaving KPI Data'!$AW$5:$AW$504,'Weaving KPI Data'!$G$5:$G$504,$A18),"") | I18: =IF(H18="","",IF(H18>=1.05,"A+",IF(H18>=1,"A",IF(H18>=0.95,"B+",IF(H18>=0.9,"B","C"))))) | J18: =IF(I18="","",IF(I18="A+",1800,IF(I18="A",1600,IF(I18="B+",1400,IF(I18="B",1200,0)))))
A19: =IFERROR(INDEX('Operator Master'!$A$5:$A$504,ROWS($A$1:A8)),"") -> STL005489 | B19: =IFERROR(INDEX('Operator Master'!$B$5:$B$504,ROWS($A$1:A8)),"") -> MD. ALAM MIA | C19: =IF($A19="","",SUMIFS('Weaving KPI Data'!$O$5:$O$504,'Weaving KPI Data'!$G$5:$G$504,$A19)) -> 1255 | D19: =IFERROR(SUMIFS('Weaving KPI Data'!$O$5:$O$504,'Weaving KPI Data'!$G$5:$G$504,$A19)/SUMIFS('Weaving KPI Data'!$N$5:$N$504,'Weaving KPI Data'!$G$5:$G$504,$A19)*100,"") -> 71.714286 | E19: =IFERROR(AVERAGEIFS('Weaving KPI Data'!$U$5:$U$504,'Weaving KPI Data'!$G$5:$G$504,$A19),"") | F19: =IFERROR(SUMIFS('Weaving KPI Data'!$V$5:$V$504,'Weaving KPI Data'!$G$5:$G$504,$A19)/SUMIFS('Weaving KPI Data'!$O$5:$O$504,'Weaving KPI Data'!$G$5:$G$504,$A19)*100,"") -> 0 | G19: =IFERROR(SUMIFS('Weaving KPI Data'!$AF$5:$AF$504,'Weaving KPI Data'!$G$5:$G$504,$A19)/SUMIFS('Weaving KPI Data'!$O$5:$O$504,'Weaving KPI Data'!$G$5:$G$504,$A19)*1000,"") -> 0 | H19: =IFERROR(AVERAGEIFS('Weaving KPI Data'!$AW$5:$AW$504,'Weaving KPI Data'!$G$5:$G$504,$A19),"") | I19: =IF(H19="","",IF(H19>=1.05,"A+",IF(H19>=1,"A",IF(H19>=0.95,"B+",IF(H19>=0.9,"B","C"))))) | J19: =IF(I19="","",IF(I19="A+",1800,IF(I19="A",1600,IF(I19="B+",1400,IF(I19="B",1200,0)))))
A20: =IFERROR(INDEX('Operator Master'!$A$5:$A$504,ROWS($A$1:A9)),"") -> STL005490 | B20: =IFERROR(INDEX('Operator Master'!$B$5:$B$504,ROWS($A$1:A9)),"") -> MD. MOMINUL ISLAM | C20: =IF($A20="","",SUMIFS('Weaving KPI Data'!$O$5:$O$504,'Weaving KPI Data'!$G$5:$G$504,$A20)) -> 876 | D20: =IFERROR(SUMIFS('Weaving KPI Data'!$O$5:$O$504,'Weaving KPI Data'!$G$5:$G$504,$A20)/SUMIFS('Weaving KPI Data'!$N$5:$N$504,'Weaving KPI Data'!$G$5:$G$504,$A20)*100,"") -> 79.636364 | E20: =IFERROR(AVERAGEIFS('Weaving KPI Data'!$U$5:$U$504,'Weaving KPI Data'!$G$5:$G$504,$A20),"") | F20: =IFERROR(SUMIFS('Weaving KPI Data'!$V$5:$V$504,'Weaving KPI Data'!$G$5:$G$504,$A20)/SUMIFS('Weaving KPI Data'!$O$5:$O$504,'Weaving KPI Data'!$G$5:$G$504,$A20)*100,"") -> 0 | G20: =IFERROR(SUMIFS('Weaving KPI Data'!$AF$5:$AF$504,'Weaving KPI Data'!$G$5:$G$504,$A20)/SUMIFS('Weaving KPI Data'!$O$5:$O$504,'Weaving KPI Data'!$G$5:$G$504,$A20)*1000,"") -> 0 | H20: =IFERROR(AVERAGEIFS('Weaving KPI Data'!$AW$5:$AW$504,'Weaving KPI Data'!$G$5:$G$504,$A20),"") | I20: =IF(H20="","",IF(H20>=1.05,"A+",IF(H20>=1,"A",IF(H20>=0.95,"B+",IF(H20>=0.9,"B","C"))))) | J20: =IF(I20="","",IF(I20="A+",1800,IF(I20="A",1600,IF(I20="B+",1400,IF(I20="B",1200,0)))))
A21: =IFERROR(INDEX('Operator Master'!$A$5:$A$504,ROWS($A$1:A10)),"") -> STL005487 | B21: =IFERROR(INDEX('Operator Master'!$B$5:$B$504,ROWS($A$1:A10)),"") -> MD. JAHIDUL ISLAM HOWLADER | C21: =IF($A21="","",SUMIFS('Weaving KPI Data'!$O$5:$O$504,'Weaving KPI Data'!$G$5:$G$504,$A21)) -> 1187 | D21: =IFERROR(SUMIFS('Weaving KPI Data'!$O$5:$O$504,'Weaving KPI Data'!$G$5:$G$504,$A21)/SUMIFS('Weaving KPI Data'!$N$5:$N$504,'Weaving KPI Data'!$G$5:$G$504,$A21)*100,"") -> 69.823529 | E21: =IFERROR(AVERAGEIFS('Weaving KPI Data'!$U$5:$U$504,'Weaving KPI Data'!$G$5:$G$504,$A21),"") | F21: =IFERROR(SUMIFS('Weaving KPI Data'!$V$5:$V$504,'Weaving KPI Data'!$G$5:$G$504,$A21)/SUMIFS('Weaving KPI Data'!$O$5:$O$504,'Weaving KPI Data'!$G$5:$G$504,$A21)*100,"") -> 0 | G21: =IFERROR(SUMIFS('Weaving KPI Data'!$AF$5:$AF$504,'Weaving KPI Data'!$G$5:$G$504,$A21)/SUMIFS('Weaving KPI Data'!$O$5:$O$504,'Weaving KPI Data'!$G$5:$G$504,$A21)*1000,"") -> 0 | H21: =IFERROR(AVERAGEIFS('Weaving KPI Data'!$AW$5:$AW$504,'Weaving KPI Data'!$G$5:$G$504,$A21),"") | I21: =IF(H21="","",IF(H21>=1.05,"A+",IF(H21>=1,"A",IF(H21>=0.95,"B+",IF(H21>=0.9,"B","C"))))) | J21: =IF(I21="","",IF(I21="A+",1800,IF(I21="A",1600,IF(I21="B+",1400,IF(I21="B",1200,0)))))
A22: =IFERROR(INDEX('Operator Master'!$A$5:$A$504,ROWS($A$1:A11)),"") -> STL005511 | B22: =IFERROR(INDEX('Operator Master'!$B$5:$B$504,ROWS($A$1:A11)),"") -> MD. RIPON MIA-2 | C22: =IF($A22="","",SUMIFS('Weaving KPI Data'!$O$5:$O$504,'Weaving KPI Data'!$G$5:$G$504,$A22)) -> 1265 | D22: =IFERROR(SUMIFS('Weaving KPI Data'!$O$5:$O$504,'Weaving KPI Data'!$G$5:$G$504,$A22)/SUMIFS('Weaving KPI Data'!$N$5:$N$504,'Weaving KPI Data'!$G$5:$G$504,$A22)*100,"") -> 70.277778 | E22: =IFERROR(AVERAGEIFS('Weaving KPI Data'!$U$5:$U$504,'Weaving KPI Data'!$G$5:$G$504,$A22),"") | F22: =IFERROR(SUMIFS('Weaving KPI Data'!$V$5:$V$504,'Weaving KPI Data'!$G$5:$G$504,$A22)/SUMIFS('Weaving KPI Data'!$O$5:$O$504,'Weaving KPI Data'!$G$5:$G$504,$A22)*100,"") -> 0 | G22: =IFERROR(SUMIFS('Weaving KPI Data'!$AF$5:$AF$504,'Weaving KPI Data'!$G$5:$G$504,$A22)/SUMIFS('Weaving KPI Data'!$O$5:$O$504,'Weaving KPI Data'!$G$5:$G$504,$A22)*1000,"") -> 0 | H22: =IFERROR(AVERAGEIFS('Weaving KPI Data'!$AW$5:$AW$504,'Weaving KPI Data'!$G$5:$G$504,$A22),"") | I22: =IF(H22="","",IF(H22>=1.05,"A+",IF(H22>=1,"A",IF(H22>=0.95,"B+",IF(H22>=0.9,"B","C"))))) | J22: =IF(I22="","",IF(I22="A+",1800,IF(I22="A",1600,IF(I22="B+",1400,IF(I22="B",1200,0)))))
A23: =IFERROR(INDEX('Operator Master'!$A$5:$A$504,ROWS($A$1:A12)),"") -> STL005516 | B23: =IFERROR(INDEX('Operator Master'!$B$5:$B$504,ROWS($A$1:A12)),"") -> GOULAM RABBANI | C23: =IF($A23="","",SUMIFS('Weaving KPI Data'!$O$5:$O$504,'Weaving KPI Data'!$G$5:$G$504,$A23)) -> 1292 | D23: =IFERROR(SUMIFS('Weaving KPI Data'!$O$5:$O$504,'Weaving KPI Data'!$G$5:$G$504,$A23)/SUMIFS('Weaving KPI Data'!$N$5:$N$504,'Weaving KPI Data'!$G$5:$G$504,$A23)*100,"") -> 76 | E23: =IFERROR(AVERAGEIFS('Weaving KPI Data'!$U$5:$U$504,'Weaving KPI Data'!$G$5:$G$504,$A23),"") | F23: =IFERROR(SUMIFS('Weaving KPI Data'!$V$5:$V$504,'Weaving KPI Data'!$G$5:$G$504,$A23)/SUMIFS('Weaving KPI Data'!$O$5:$O$504,'Weaving KPI Data'!$G$5:$G$504,$A23)*100,"") -> 0 | G23: =IFERROR(SUMIFS('Weaving KPI Data'!$AF$5:$AF$504,'Weaving KPI Data'!$G$5:$G$504,$A23)/SUMIFS('Weaving KPI Data'!$O$5:$O$504,'Weaving KPI Data'!$G$5:$G$504,$A23)*1000,"") -> 0 | H23: =IFERROR(AVERAGEIFS('Weaving KPI Data'!$AW$5:$AW$504,'Weaving KPI Data'!$G$5:$G$504,$A23),"") | I23: =IF(H23="","",IF(H23>=1.05,"A+",IF(H23>=1,"A",IF(H23>=0.95,"B+",IF(H23>=0.9,"B","C"))))) | J23: =IF(I23="","",IF(I23="A+",1800,IF(I23="A",1600,IF(I23="B+",1400,IF(I23="B",1200,0)))))
... A41: =IFERROR(INDEX('Operator Master'!$A$5:$A$504,ROWS($A$1:A30)),"") -> STL005519 | B41: =IFERROR(INDEX('Operator Master'!$B$5:$B$504,ROWS($A$1:A30)),"") -> MD. MOZNU SHEKH | C41: =IF($A41="","",SUMIFS('Weaving KPI Data'!$O$5:$O$504,'Weaving KPI Data'!$G$5:$G$504,$A41)) -> 0 | D41: =IFERROR(SUMIFS('Weaving KPI Data'!$O$5:$O$504,'Weaving KPI Data'!$G$5:$G$504,$A41)/SUMIFS('Weaving KPI Data'!$N$5:$N$504,'Weaving KPI Data'!$G$5:$G$504,$A41)*100,"") | E41: =IFERROR(AVERAGEIFS('Weaving KPI Data'!$U$5:$U$504,'Weaving KPI Data'!$G$5:$G$504,$A41),"") | F41: =IFERROR(SUMIFS('Weaving KPI Data'!$V$5:$V$504,'Weaving KPI Data'!$G$5:$G$504,$A41)/SUMIFS('Weaving KPI Data'!$O$5:$O$504,'Weaving KPI Data'!$G$5:$G$504,$A41)*100,"") | G41: =IFERROR(SUMIFS('Weaving KPI Data'!$AF$5:$AF$504,'Weaving KPI Data'!$G$5:$G$504,$A41)/SUMIFS('Weaving KPI Data'!$O$5:$O$504,'Weaving KPI Data'!$G$5:$G$504,$A41)*1000,"") | H41: =IFERROR(AVERAGEIFS('Weaving KPI Data'!$AW$5:$AW$504,'Weaving KPI Data'!$G$5:$G$504,$A41),"") | I41: =IF(H41="","",IF(H41>=1.05,"A+",IF(H41>=1,"A",IF(H41>=0.95,"B+",IF(H41>=0.9,"B","C"))))) | J41: =IF(I41="","",IF(I41="A+",1800,IF(I41="A",1600,IF(I41="B+",1400,IF(I41="B",1200,0)))))
